"19,November",8,910,125,NOTES,ANOTHER,6
"Abyss",8,945,142,NOTES,ANOTHER,5
"Blue Bird feat. Kanae Asaba",8,900,134,NOTES,ANOTHER,29
"CELEBRATE NITE",8,714,144,NOTES,ANOTHER,8
"connective",8,805,128,NOTES,ANOTHER,20
"D2R",8,823,160,NOTES,ANOTHER,7
"DESTINY",8,925,155,NOTES,ANOTHER,7
"elemental bender feat. Kanae Asaba",8,826,135,NOTES,ANOTHER,24
"fairy cocktail",8,828,134,NOTES,ANOTHER,27
"foreplay",8,684,140,NOTES,ANOTHER,7
"Happy Wedding",8,940,126,NOTES,ANOTHER,7
"LOVE IS ORANGE",8,903,180,NOTES,ANOTHER,8
"outer wall",8,892,149,NOTES,ANOTHER,5
"OVER TIME",8,779,134,NOTES,ANOTHER,26
"Pink Rose",8,708,116-146,NOTES,ANOTHER,12
"Schlagwerk",8,848,125,NOTES,ANOTHER,3
"THE EARTH LIGHT",8,581,145,NOTES,ANOTHER,1.5
"THE SHINING POLARIS",8,799,147,NOTES,ANOTHER,5
"The Smile of You",8,815,136,NOTES,ANOTHER,14
"Wanna Party?",8,762,128,NOTES,ANOTHER,15
"With your Smile",8,788,135,NOTES,ANOTHER,14
"かずあそび",8,852,170,NOTES,ANOTHER,17
"ミストレス・アンに花束を",8,718,135,NOTES,ANOTHER,26
"abstract",9,960,125,NOTES,ANOTHER,8
"ACT",9,935,180,NOTES,ANOTHER,9
"Alpheratz",9,1049,154,NOTES,ANOTHER,25
"ANAGRAMS I to Y",9,1245,165,NOTES,ANOTHER,19
"beatchic☆仮面～好き、でいさせて～",9,1017,175,NOTES,ANOTHER,17
"BEMANI PRO LEAGUE Theme",9,996,134,NOTES,ANOTHER,28
"Broken My Heart",9,914,160,NOTES,ANOTHER,4
"Change the World",9,931,286,NOTES,ANOTHER,19
"Cheer Train",9,880,120,NOTES,ANOTHER,7
"Damage Per Second",9,1026,177,NOTES,ANOTHER,23
"Don't let it go",9,852,160,NOTES,ANOTHER,12
"dual control",9,961,131-140,NOTES,ANOTHER,8
"Duration",9,978,180,NOTES,ANOTHER,27
"Fantastic Merry-Go-Round",9,1061,168,NOTES,ANOTHER,29
"Far east nightbird",9,1025,180,NOTES,ANOTHER,19
"First Resolution",9,1077,150,NOTES,ANOTHER,12
"Frozen Ray (original mix)",9,909,156,NOTES,ANOTHER,6
"Get Up! feat. Kanae Asaba",9,966,130,NOTES,ANOTHER,25
"Glory",9,1185,134,NOTES,ANOTHER,26
"Hitch Hiker2",9,976,137,NOTES,LEGGENDARIA,4
"Howling",9,1066,155,NOTES,ANOTHER,20
"HYPER BOUNDARY GATE",9,1155,152,NOTES,ANOTHER,8
"Hyper Drive feat. ぷにぷに電機",9,1000,130,NOTES,ANOTHER,27
"I know You know",9,950,136,NOTES,ANOTHER,20
"In Heaven",9,1072,149,NOTES,ANOTHER,20
"In The Breeze",9,896,123-142,NOTES,ANOTHER,22
"IN THE NAME OF LOVE",9,975,155,NOTES,ANOTHER,17
"INFERNO",9,1008,135,NOTES,ANOTHER,13
"IXION",9,1086,150,NOTES,ANOTHER,22
"Journey",9,950,112,NOTES,ANOTHER,23
"Last Message",9,819,155,NOTES,ANOTHER,7
"Liquid Crystal Girl feat. echo",9,1014,134,NOTES,ANOTHER,19
"MAD ATTACK",9,991,140,NOTES,ANOTHER,21
"Mel",9,1088,178,NOTES,ANOTHER,27
"memories",9,1157,188,NOTES,ANOTHER,8
"Mermaid girl-秋葉工房 MIX-",9,1030,160,NOTES,ANOTHER,19
"Midnight Lady",9,979,128,NOTES,ANOTHER,25
"NEWALONE",9,1012,110,NOTES,ANOTHER,27
"NΦ CRIME",9,951,160,NOTES,ANOTHER,16
"PLASMA",9,1145,148,NOTES,ANOTHER,12
"Raspberry Heart(English version)",9,932,160,NOTES,ANOTHER,11
"Round and Round",9,1088,145,NOTES,ANOTHER,19
"satfinal",9,963,180,NOTES,ANOTHER,15
"S-Bahn",9,1092,142,NOTES,ANOTHER,28
"Seaside Labyrinth",9,953,136,NOTES,ANOTHER,24
"Selfish Sweet",9,877,135,NOTES,ANOTHER,24
"Shining World",9,976,150,NOTES,ANOTHER,20
"SHOOTING STAR",9,1146,140,NOTES,ANOTHER,10
"Silvia Drive",9,1049,129,NOTES,ANOTHER,9
"Sleepless days",9,788,188,NOTES,ANOTHER,25
"Special One",9,895,128,NOTES,ANOTHER,17
"STAR FIELD",9,947,140,NOTES,ANOTHER,9
"starmine",9,800,182,NOTES,ANOTHER,4
"Sugar Drippin'",9,1069,135,NOTES,ANOTHER,27
"the trigger of innocence",9,924,150,NOTES,ANOTHER,15
"thunder",9,959,135,NOTES,ANOTHER,8
"Twilight Warp",9,1083,145,NOTES,ANOTHER,26
"WAKE UP NOW",9,1008,150,NOTES,ANOTHER,28
"We are Disっ娘よっつ打ち命",9,837,129,NOTES,ANOTHER,12
"WISE UP!",9,803,127,NOTES,ANOTHER,18
"WISH(EUROBEAT MIX)",9,990,155,NOTES,ANOTHER,13
"with you…",9,891,135,NOTES,ANOTHER,13
"エコ爺",9,923,125,NOTES,ANOTHER,15
"かげぬい ～ Ver.BENIBOTAN ～",9,980,186,NOTES,ANOTHER,18
"ナイトシティー・アヴァンチュール",9,1047,170,NOTES,ANOTHER,25
"ヨシダさん",9,987,150,NOTES,ANOTHER,14
"高高度降下低高度開傘",9,1005,150,NOTES,ANOTHER,15
"虹色",9,934,160,NOTES,ANOTHER,13
"未来のプリズム",9,893,132,NOTES,ANOTHER,17
"陽炎",9,1010,140,NOTES,ANOTHER,19
"翼",9,988,148,NOTES,ANOTHER,16
"零 - ZERO -",9,1162,180,NOTES,ANOTHER,14
"恋は白帯、サンシロー",9,1021,175,NOTES,ANOTHER,22
"!Viva!",10,1014,135,NOTES,ANOTHER,24
"ABSOLUTE",10,1218,154,NOTES,ANOTHER,4
"Abyss -The Heavens Remix-",10,1188,171,NOTES,ANOTHER,9
"ACCELERATE",10,1261,153,NOTES,ANOTHER,25
"ANAGMA",10,1339,150,NOTES,ANOTHER,25
"ANDROMEDA II",10,1233,152,NOTES,ANOTHER,14
"ANEMONE",10,1069,174,NOTES,ANOTHER,29
"Answer",10,1224,156,NOTES,ANOTHER,18
"Ariah",10,1090,198,NOTES,ANOTHER,29
"As You Want",10,1246,177,NOTES,ANOTHER,28
"Ascalon",10,1171,185,NOTES,ANOTHER,20
"Back Into The Light",10,1086,144,NOTES,ANOTHER,10
"bag",10,963,130,NOTES,ANOTHER,9
"Be OK",10,1215,160,NOTES,ANOTHER,15
"BEAUTIFUL ANGEL",10,1254,172,NOTES,ANOTHER,17
"BLACK JACKAL",10,1183,150,NOTES,ANOTHER,26
"BLOSSOM",10,1290,158,NOTES,ANOTHER,26
"BLUE STRAGGLER",10,1328,160,NOTES,ANOTHER,20
"BLUST OF WIND",10,1080,145,NOTES,ANOTHER,18
"BOOM BOOM DISCO NIGHT",10,1151,155,NOTES,ANOTHER,13
"BRAVE GLOW",10,1261,160,NOTES,ANOTHER,20
"BRAVE OUT",10,1091,150,NOTES,ANOTHER,21
"Break Stasis",10,1274,184,NOTES,ANOTHER,25
"Central Station",10,1223,158,NOTES,ANOTHER,23
"Chemical Cookie",10,1081,180,NOTES,ANOTHER,25
"Chewingood!!!",10,1317,190,NOTES,ANOTHER,28
"Colors -Y&Co. Eurobeat Remix-",10,1100,155,NOTES,ANOTHER,8
"Cranberry City ft. Luschel",10,1234,138,NOTES,ANOTHER,26
"Cyber Force",10,1200,146,NOTES,ANOTHER,14
"Daisuke",10,1205,157,NOTES,ANOTHER,10
"Dazzlin' Darlin-秋葉工房mix-",10,1053,160,NOTES,ANOTHER,15
"Digital Skipper",10,1133,150,NOTES,ANOTHER,26
"DISPARATE",10,1243,200,NOTES,ANOTHER,29
"DM STAR～関西 energy style～",10,1206,155,NOTES,ANOTHER,18
"double thrash",10,1206,166,NOTES,ANOTHER,12
"end of world",10,1268,162,NOTES,ANOTHER,15
"Everlasting Last",10,1124,140,NOTES,ANOTHER,23
"EXE",10,1131,158,NOTES,ANOTHER,10
"Explorer feat. ぷにぷに電機",10,1082,131,NOTES,ANOTHER,28
"Express Emotion",10,1271,182,NOTES,ANOTHER,19
"Flash Back 90's",10,1179,155,NOTES,ANOTHER,16
"Fly you to the star",10,1144,141,NOTES,ANOTHER,20
"Forgetting Machine",10,868,174,NOTES,ANOTHER,27
"Frisk And Squeak",10,1228,185,NOTES,ANOTHER,28
"From Time To Time",10,1293,140,NOTES,ANOTHER,16
"GENERATE feat.綾倉盟",10,1182,145,NOTES,ANOTHER,23
"Get'em up to R.A.V.E",10,1158,145,NOTES,ANOTHER,12
"GHOST REVIVAL",10,1311,148,NOTES,ANOTHER,10
"Go Faraway",10,1259,150,NOTES,ANOTHER,23
"GRADIUS 2012",10,1380,180,NOTES,ANOTHER,20
"GREEN EYES",10,1123,170,NOTES,ANOTHER,12
"HAPPY☆ANGEL",10,1052,180,NOTES,ANOTHER,12
"Harmonia",10,1013,177,NOTES,ANOTHER,29
"HAT TRICK",10,1118,150,NOTES,ANOTHER,25
"Heavenly Sun (IIDX VERSION)",10,1060,130,NOTES,ANOTHER,13
"HIGH VOLTAGE",10,1148,155,NOTES,ANOTHER,28
"Howling",10,1350,155,NOTES,LEGGENDARIA,20
"Hydrogen Blueback",10,1170,143,NOTES,ANOTHER,17
"I am",10,1096,190,NOTES,ANOTHER,12
"IDOL syndrome.",10,1109,145,NOTES,ANOTHER,26
"If",10,959,170,NOTES,ANOTHER,27
"ILIAS",10,1105,142,NOTES,ANOTHER,20
"illuminate",10,1172,146,NOTES,ANOTHER,22
"Jetcoaster Windy",10,1156,268,NOTES,ANOTHER,27
"LAB",10,1075,180,NOTES,ANOTHER,8
"Last Burning",10,1197,130,NOTES,ANOTHER,17
"Let me be your cure",10,1344,192,NOTES,ANOTHER,26
"Lift Us High",10,1247,150,NOTES,ANOTHER,26
"LOVE B.B.B",10,1019,173,NOTES,ANOTHER,19
"LOVE IS ORANGE",10,1059,180,NOTES,LEGGENDARIA,8
"LOVE SHINE",10,1046,177,NOTES,ANOTHER,9
"LUV DRIVE",10,1075,188,NOTES,ANOTHER,25
"M.D.Injection",10,1231,202,NOTES,ANOTHER,21
"Macho Gang",10,837,125,NOTES,ANOTHER,1.5
"Magical",10,1011,174,NOTES,ANOTHER,24
"Mars beach",10,1129,140,NOTES,ANOTHER,28
"MOON",10,1118,156,NOTES,ANOTHER,13
"MOVE! (We Keep It Movin')",10,1111,142,NOTES,ANOTHER,28
"Music is The Answer",10,977,128,NOTES,ANOTHER,24
"N.O.",10,1272,150,NOTES,ANOTHER,29
"NEBULA GRASPER",10,1241,152-153,NOTES,ANOTHER,11
"Neonlights",10,1127,145,NOTES,ANOTHER,20
"No Day But Today!",10,1000,150,NOTES,ANOTHER,29
"NoN-Fiction Story!",10,1112,160,NOTES,ANOTHER,17
"NPC World",10,1155,165,NOTES,ANOTHER,21
"O/D*20",10,1071,155,NOTES,ANOTHER,25
"P.O.W.E.R.",10,1186,160,NOTES,ANOTHER,29
"Phoenix",10,1258,176,NOTES,ANOTHER,19
"planarian",10,1279,164,NOTES,ANOTHER,20
"POODLE",10,1156,160,NOTES,ANOTHER,12
"Power of Love",10,1077,135,NOTES,ANOTHER,13
"Praludium",10,1164,152,NOTES,ANOTHER,20
"Programmed Life",10,1206,145,NOTES,ANOTHER,18
"Prohibited Props",10,1142,164,NOTES,ANOTHER,29
"QQQ",10,1091,155,NOTES,ANOTHER,5
"Queen's Tragedy",10,1135,152,NOTES,ANOTHER,16
"Quickening",10,1062,150,NOTES,ANOTHER,9
"Rainstorm",10,1146,140,NOTES,ANOTHER,27
"Re:GENERATION",10,1145,176,NOTES,ANOTHER,20
"Release The Music",10,1081,146,NOTES,ANOTHER,19
"Remedy feat. Kanae Asaba",10,1116,165,NOTES,ANOTHER,24
"REPLAY",10,1141,140,NOTES,ANOTHER,26
"Rise'n Beauty",10,1094,144,NOTES,ANOTHER,10
"Roulette",10,1073,160,NOTES,ANOTHER,14
"Rowdy",10,1256,100,NOTES,ANOTHER,28
"SAMSARA",10,1031,164,NOTES,ANOTHER,22
"Scripted Connection⇒ N mix",10,1073,151,NOTES,ANOTHER,12
"Several Words",10,1098,180,NOTES,ANOTHER,19
"shuriken",10,1298,160,NOTES,ANOTHER,24
"Ska-sh All Neurons!!",10,1176,183,NOTES,ANOTHER,27
"smooooch・∀・",10,1089,177,NOTES,ANOTHER,16
"smooooch・∀・ (Snail's House Remix)",10,1193,177,NOTES,ANOTHER,28
"snow storm",10,1409,145,NOTES,ANOTHER,14
"SOLITON BEAM",10,1187,152,NOTES,ANOTHER,16
"STARLIGHT JUNCTION",10,1150,160,NOTES,ANOTHER,25
"Stepper",10,1105,128,NOTES,ANOTHER,29
"Super Duper Racers",10,1199,170,NOTES,ANOTHER,23
"Sweet Sweet Magic",10,1032,180,NOTES,ANOTHER,9
"symbolic",10,1138,155,NOTES,ANOTHER,8
"TA・DA ☆ YO・SHI",10,1180,160,NOTES,ANOTHER,22
"take me higher",10,1015,140,NOTES,ANOTHER,27
"The Sky of Sadness",10,1215,138,NOTES,ANOTHER,27
"The Story Begins",10,1232,150,NOTES,ANOTHER,17
"Time To Empress",10,1324,148,NOTES,ANOTHER,20
"Tizona d'El Cid",10,1178,265,NOTES,ANOTHER,12
"toy boxer",10,1122,190,NOTES,ANOTHER,26
"Turii ～Panta rhei～",10,1347,148,NOTES,ANOTHER,16
"Umbral",10,966,138,NOTES,ANOTHER,24
"vault of heaven",10,1010,160,NOTES,ANOTHER,12
"Vermilion",10,1043,143,NOTES,ANOTHER,24
"Vermillion",10,1045,152,NOTES,ANOTHER,18
"VJ ARMY",10,1149,135-160,NOTES,ANOTHER,6
"Votania Beat",10,1284,185,NOTES,ANOTHER,29
"Why did you go away",10,1166,160,NOTES,ANOTHER,13
"Winner's Proof ft. KANASA from bless4",10,1118,100,NOTES,ANOTHER,28
"yellow head joe",10,1152,187,NOTES,ANOTHER,19
"Yellow Sunrise",10,1145,174,NOTES,ANOTHER,19
"Zenius -I- vanisher",10,1209,160,NOTES,ANOTHER,13
"ZERO-ONE",10,1132,160,NOTES,ANOTHER,7
"アルストロメリア",10,1254,144,NOTES,ANOTHER,21
"オルタネイトβ",10,1137,162,NOTES,ANOTHER,23
"お米の美味しい炊き方、そしてお米を食べることによるその効果。",10,1122,190,NOTES,ANOTHER,20
"シュッパツシンコウ・シサカンコ",10,1234,182,NOTES,ANOTHER,23
"ナイトフィクション",10,1087,163,NOTES,ANOTHER,29
"ハイ*ビスカス ft. Kanae Asaba",10,1223,157,NOTES,ANOTHER,25
"バスルーム ロマンス",10,1228,155,NOTES,ANOTHER,25
"ヒマワリ",10,1042,185,NOTES,ANOTHER,12
"ベィスドロップ・フリークス",10,1143,179,NOTES,ANOTHER,22
"メイメツ、フラグメンツ",10,984,157,NOTES,ANOTHER,20
"ラキラキ",10,1001,165,NOTES,ANOTHER,20
"愛しくてラヴィンユー ft. マナ",10,1209,152,NOTES,ANOTHER,29
"華爛漫 -Flowers-",10,1029,160,NOTES,ANOTHER,15
"革命",10,1183,83-148,NOTES,ANOTHER,7
"口カラ凸ゲキ",10,1217,150,NOTES,ANOTHER,29
"山岡晃の「クイズ！家事都合！」",10,1035,148,NOTES,ANOTHER,16
"次葉 -turn the page-",10,1003,180,NOTES,ANOTHER,24
"純真可憐デザイア",10,1172,182,NOTES,ANOTHER,25
"水無月の雫 ft. 小林まな",10,1313,167,NOTES,ANOTHER,28
"星をこの手に",10,1099,165,NOTES,ANOTHER,14
"星屑ディスタンシア",10,1073,110,NOTES,ANOTHER,23
"中華急行",10,1167,171,NOTES,ANOTHER,18
"超!!遠距離らぶメ～ル",10,1352,130,NOTES,ANOTHER,21
"冬椿 ft. Kanae Asaba",10,1146,155,NOTES,ANOTHER,24
"朧",10,1060,149,NOTES,ANOTHER,20
#The_Relentless,11,1479,170,NOTES,ANOTHER,22
"& Intelligence",11,1623,160,NOTES,ANOTHER,26
"1st Samurai",11,1383,175-200,NOTES,ANOTHER,10
"405nm (Ryu☆mix)",11,1301,177,NOTES,ANOTHER,20
"532nm",11,1349,177,NOTES,ANOTHER,19
"Advent Infamous",11,1454,150,NOTES,ANOTHER,26
"Aegis",11,1202,162,NOTES,ANOTHER,18
"ATHER",11,1440,192,NOTES,ANOTHER,21
"Afterimage d'automne",11,1480,232,NOTES,ANOTHER,26
"AIR RAID FROM THA UNDAGROUND",11,1189,180,NOTES,ANOTHER,17
"Amazing Mirage",11,1343,153,NOTES,ANOTHER,24
"Amor De Verao",11,1193,138,NOTES,ANOTHER,25
"AMRITA -不滅ノ花-",11,1398,152,NOTES,ANOTHER,28
"ANDROMEDA",11,1446,150,NOTES,ANOTHER,11
"ANTHEM LANDING",11,1484,151,NOTES,ANOTHER,18
"Arabian Rave Night",11,1504,180,NOTES,ANOTHER,16
"Around The Galaxy",11,1714,145,NOTES,ANOTHER,24
"Aublia",11,1299,156,NOTES,ANOTHER,23
"B4U(BEMANI FOR YOU MIX)",11,1810,170,NOTES,ANOTHER,16
"Banger Banger Banger Banger",11,1497,190,NOTES,ANOTHER,29
"Battle Train -IIDX Edition-",11,1687,160,NOTES,ANOTHER,23
"Be a Hero!",11,1592,190,NOTES,ANOTHER,25
"Be OK",11,1679,160,NOTES,LEGGENDARIA,15
"Believe In Me",11,1213,170,NOTES,ANOTHER,18
"bloomin' feeling",11,1313,181,NOTES,ANOTHER,17
"Bow shock!!",11,1566,165,NOTES,ANOTHER,27
"Brahma",11,1454,400,NOTES,ANOTHER,28
"BRAINSTORM",11,1449,180,NOTES,ANOTHER,21
"Breakin' Rules",11,1396,170,NOTES,ANOTHER,28
"BROKEN EDEN",11,1182,162,NOTES,ANOTHER,18
"Buffalo",11,1287,108,NOTES,LEGGENDARIA,6
"Burning Flame",11,1470,165,NOTES,ANOTHER,28
"Castle on the Moon",11,1231,191,NOTES,ANOTHER,19
"Change Yourself",11,1238,155,NOTES,ANOTHER,27
"ChaserXX",11,1453,140,NOTES,ANOTHER,25
"CHRONO DIVER -NORNIR-",11,1568,185,NOTES,ANOTHER,22
"CONCEPTUAL",11,1391,198,NOTES,ANOTHER,20
"CONNECT-",11,1483,150,NOTES,ANOTHER,28
"CONTRACT",11,1056,180,NOTES,ANOTHER,13
"COSMIC CYBER",11,1469,170,NOTES,ANOTHER,26
"Crazy Jackpot",11,1447,170,NOTES,ANOTHER,28
"crew",11,1480,155,NOTES,ANOTHER,24
"Danza Aestas",11,1519,150,NOTES,ANOTHER,28
"Destiny Sword",11,1213,155,NOTES,ANOTHER,18
"Devilz Sacrifice -贖罪の羊-",11,1265,175,NOTES,ANOTHER,21
"DREAM OF SPACE UFO ABDUCTION",11,1371,140,NOTES,ANOTHER,29
"Drop It",11,1419,155,NOTES,ANOTHER,27
"Elektrick U-Phoria",11,1566,180,NOTES,ANOTHER,21
"Ember Lights",11,1369,148,NOTES,ANOTHER,26
"Empire State Glory",11,1329,173,NOTES,ANOTHER,17
"Engraved Mark",11,1222,188,NOTES,ANOTHER,21
"Erosion Mark",11,1096,192,NOTES,ANOTHER,22
"EXTREME MACH COLLIDER",11,1305,148,NOTES,ANOTHER,21
"FINALLY BLAZE",11,1424,185,NOTES,ANOTHER,29
"G2",11,1188,170,NOTES,ANOTHER,6
"GALGALIM",11,1208,165,NOTES,ANOTHER,17
"Garuda",11,1323,160,NOTES,ANOTHER,26
"GENOCIDE",11,1222,175,NOTES,ANOTHER,11
"GIGA THRASH",11,1400,150,NOTES,ANOTHER,26
"GIGA VIOLATE",11,1392,150,NOTES,ANOTHER,27
"Globe Glitter",11,1369,190,NOTES,ANOTHER,28
"GOLD RUSH",11,1199,162,NOTES,ANOTHER,14
"Hello Happiness",11,1198,182,NOTES,ANOTHER,22
"Honey Trap",11,1284,160,NOTES,ANOTHER,24
"HYENA",11,1434,178,NOTES,ANOTHER,21
"HYPE THE CORE",11,1539,190,NOTES,ANOTHER,25
"HYPERION",11,1385,150,NOTES,ANOTHER,16
"I Love You",11,1381,170,NOTES,ANOTHER,25
"I will be back -オレは帰ってきた-",11,1492,172,NOTES,ANOTHER,21
"ILAYZA",11,1433,160,NOTES,ANOTHER,29
"Illegal Function Call",11,1398,260,NOTES,ANOTHER,20
"I'm so Happy",11,1187,181,NOTES,ANOTHER,19
"In the Blackest Den",11,1372,177,NOTES,ANOTHER,19
"INAZUMA",11,1368,148,NOTES,ANOTHER,12
"Inner Spirit",11,1458,146,NOTES,ANOTHER,23
"INORI",11,1614,146,NOTES,ANOTHER,14
"Jungle Eater",11,1517,184,NOTES,ANOTHER,28
"KAMAITACHI",11,1368,165,NOTES,ANOTHER,14
"KEY",11,1436,212,NOTES,ANOTHER,11
"KHAMEN BREAK",11,1281,180,NOTES,ANOTHER,21
"Kung-fu Empire",11,1657,177,NOTES,ANOTHER,16
"LADYBIRD",11,1258,230,NOTES,ANOTHER,26
"LAST DAY",11,1551,157,NOTES,ANOTHER,28
"Lawes's Parotia",11,1294,140,NOTES,ANOTHER,29
"Let The Track Flow",11,1367,175,NOTES,ANOTHER,18
"Light and Cyber…",11,1579,181,NOTES,ANOTHER,20
"Lighting Shower",11,1220,162,NOTES,ANOTHER,21
"Like+it!",11,1197,155,NOTES,ANOTHER,27
"Line 4 Ruin",11,1402,141,NOTES,ANOTHER,22
"Little Little Princess",11,1420,180-212,NOTES,ANOTHER,12
"Lost Souls",11,1236,185,NOTES,ANOTHER,27
"Lost wing at.0",11,1261,185,NOTES,ANOTHER,24
"Love Is Eternity",11,1215,140,NOTES,ANOTHER,10
"Lovely Howdy Cowboy!!",11,1405,180,NOTES,ANOTHER,28
"MA・TSU・RI",11,1302,160,NOTES,ANOTHER,28
"Macuilxochitl",11,1677,148,NOTES,ANOTHER,24
"MAGIC & LOVE",11,1481,185,NOTES,ANOTHER,21
"MAXIVCORD",11,1256,154,NOTES,ANOTHER,25
"MINT",11,1158,150,NOTES,ANOTHER,13
"Modular Technology",11,1372,170,NOTES,ANOTHER,24
"Moving on",11,1501,153,NOTES,ANOTHER,27
"murmur twins",11,1207,174,NOTES,ANOTHER,8
"Necroxis Girl",11,1441,150,NOTES,ANOTHER,26
"Neo Heritage",11,1454,150,NOTES,ANOTHER,28
"Never Fade Away",11,1535,170,NOTES,ANOTHER,18
"New Decade IIDX Edition",11,1539,200,NOTES,ANOTHER,20
"NEW SENSATION -もう、あなたしか見えない-",11,1357,200,NOTES,ANOTHER,17
"Night! Night! Night!",11,1540,165,NOTES,ANOTHER,26
"No Limit 2 dAnce feat. 大山愛未",11,1182,155,NOTES,ANOTHER,25
"No.13",11,1607,172,NOTES,ANOTHER,10
"Nothing but Theory",11,1438,160,NOTES,ANOTHER,25
"n'pa pa BBQ",11,1408,300,NOTES,ANOTHER,25
"On the FM",11,1419,200,NOTES,ANOTHER,23
"Override",11,1471,175,NOTES,ANOTHER,27
"Overslept",11,1300,170,NOTES,ANOTHER,28
"PAPAYAPA BASS",11,1428,147,NOTES,ANOTHER,24
"PHASE SHIFT MANEUVER",11,1447,163,NOTES,ANOTHER,27
"Playing With Fire",11,1200,160,NOTES,ANOTHER,26
"POLKAMANIA",11,1507,160,NOTES,ANOTHER,28
"POODLE",11,1707,160,NOTES,LEGGENDARIA,12
"prompt",11,1420,198,NOTES,ANOTHER,19
"QUANTUM TELEPORTATION",11,1490,152,NOTES,ANOTHER,17
"Quick Silver",11,1353,172,NOTES,ANOTHER,19
"rainbow rainbow",11,1377,177,NOTES,ANOTHER,10
"Raison d'etre～交差する宿命～",11,1389,155-175,NOTES,ANOTHER,17
"Rave lithosphere",11,1344,170,NOTES,ANOTHER,27
"RED ZONE",11,1184,165,NOTES,ANOTHER,11
"refractive index",11,1360,154,NOTES,ANOTHER,21
"REVOLVER",11,1405,160,NOTES,ANOTHER,25
"Ritual of Anubis",11,1422,190,NOTES,ANOTHER,28
"Rock Da House",11,1128,175,NOTES,ANOTHER,18
"Rock It",11,1500,170,NOTES,ANOTHER,23
"Rosa azuL",11,1417,155,NOTES,ANOTHER,28
"ROTTERDAM SHOGUN",11,1299,199,NOTES,ANOTHER,24
"Rubrum Piano",11,1253,160,NOTES,ANOTHER,28
"RUGGED ASH",11,1058,168,NOTES,LEGGENDARIA,1.5
"rumrum triplets",11,1541,192,NOTES,ANOTHER,20
"satellite020712 from ""CODED ARMS""",11,1293,154,NOTES,ANOTHER,15
"Saturn",11,1332,155,NOTES,ANOTHER,20
"Scripted Connection⇒ H mix",11,1275,151,NOTES,ANOTHER,12
"Secrets",11,1592,150,NOTES,ANOTHER,16
"SEITEN NO TERIYAKI",11,1163,273,NOTES,ANOTHER,23
"SEQUENCE CAT",11,1446,145,NOTES,ANOTHER,24
"SHELTER OF THE MIND",11,1538,185,NOTES,ANOTHER,23
"Shiva",11,1085,150,NOTES,ANOTHER,27
"Six String Proof",11,1308,130,NOTES,ANOTHER,26
"Snow Goose",11,1238,200,NOTES,ANOTHER,19
"SOLID WYVERN",11,1333,165,NOTES,ANOTHER,29
"Sparkle Smilin'",11,1243,180,NOTES,ANOTHER,27
"spiral galaxy",11,1310,154,NOTES,ANOTHER,11
"Squeeze",11,1257,173,NOTES,ANOTHER,21
"State Of The Art",11,1570,155,NOTES,ANOTHER,15
"STELLAR WIND",11,1370,162,NOTES,ANOTHER,18
"stoic",11,1302,155,NOTES,ANOTHER,7
"STOIC HYPOTHESIS",11,1442,170,NOTES,ANOTHER,27
"Sun Field",11,1234,152,NOTES,ANOTHER,13
"Synergy For Angels",11,1400,160,NOTES,ANOTHER,20
"Tail Lights",11,1589,156,NOTES,ANOTHER,29
"Take My Life",11,1487,175,NOTES,ANOTHER,20
"Tell me what you wish feat.らっぷびと",11,1436,203,NOTES,ANOTHER,28
"THE CANNONBALLER",11,1748,170,NOTES,ANOTHER,25
"the shadow",11,1480,156,NOTES,ANOTHER,14
"TITANS RETURN",11,1275,194,NOTES,ANOTHER,19
"TRANOID",11,1141,130-190,NOTES,ANOTHER,14
"TYPE MARS(G-Style Mix)",11,1237,159,NOTES,ANOTHER,13
"Ubertreffen",11,1280,174,NOTES,ANOTHER,15
"UMMU",11,1587,180,NOTES,ANOTHER,25
"UNDERWORLD HOLOGRAPHY",11,1648,187,NOTES,ANOTHER,26
"UNITE THE HEART",11,1676,186,NOTES,ANOTHER,27
"Usual Days-remix",11,1364,139,NOTES,ANOTHER,25
"VEGA",11,1584,191,NOTES,ANOTHER,20
"Vulkan",11,1518,205,NOTES,ANOTHER,22
"Wonder Girl feat. Kanae Asaba",11,1414,160,NOTES,ANOTHER,21
"Wonderland",11,1393,180,NOTES,ANOTHER,26
"xenon",11,1379,158,NOTES,ANOTHER,8
"XENON II ～TOMOYUKIの野望～",11,1523,160,NOTES,ANOTHER,26
"Xepher",11,1520,170,NOTES,ANOTHER,12
"X-ray binary",11,1417,150,NOTES,ANOTHER,28
"Yellow Sketch(RX-Ver.S.P.L.)",11,1479,176,NOTES,ANOTHER,24
"You'll say ""Now!""",11,1276,155,NOTES,ANOTHER,16
"Ypsilon",11,1466,160,NOTES,ANOTHER,27
"ZENDEGI DANCE",11,1393,160,NOTES,ANOTHER,26
"ZEPHYRANTHES",11,1499,180,NOTES,ANOTHER,23
"ZETA～素数の世界と超越者～",11,1583,90-180,NOTES,ANOTHER,18
"うさ☆かめ 大戦争！",11,1276,210,NOTES,ANOTHER,25
"ウツシミウツシ",11,1595,175,NOTES,ANOTHER,29
"おーまい！らぶりー！すうぃーてぃ！だーりん！",11,1480,170,NOTES,ANOTHER,26
"か・し・ま・し☆PUMP UP！",11,1453,175,NOTES,ANOTHER,23
"デッドボヲルdeホームラン",11,1417,145,NOTES,ANOTHER,21
"バ→ビ→ブ→Bomb!",11,1294,175,NOTES,ANOTHER,25
"パ→ピ→プ→Yeah!",11,1280,160,NOTES,ANOTHER,22
"ハードベース・フェスタ",11,1447,158,NOTES,ANOTHER,26
"ハイテックトキオ",11,1367,165,NOTES,ANOTHER,29
"パラドキシカル・タイムリープトライアル(Short Ver.)",11,1416,188,NOTES,ANOTHER,25
"ぷろぐれっしぶ時空少女！うらしまたろ子ちゃん！",11,1285,175,NOTES,ANOTHER,22
"ミッドナイト☆WAR",11,1261,156,NOTES,ANOTHER,26
"ミッドナイト堕天使",11,1398,150,NOTES,ANOTHER,16
"もっと！モット！ときめき feat. 松下",11,1424,185,NOTES,ANOTHER,22
"ランカーキラーガール",11,1479,200,NOTES,ANOTHER,27
"仮想空間の旅人たち",11,1450,151,NOTES,ANOTHER,20
"禍根",11,1336,170,NOTES,ANOTHER,24
"華蝶風雪",11,1500,199,NOTES,ANOTHER,13
"開きたまえ！Next stAge！",11,1463,200,NOTES,ANOTHER,27
"狂水一華",11,1370,160,NOTES,ANOTHER,27
"君のハートにロックオン",11,1363,260,NOTES,ANOTHER,19
"月とミルク",11,1400,190,NOTES,ANOTHER,29
"時空トラベローグ",11,1395,234,NOTES,ANOTHER,22
"創世ノート",11,1512,200,NOTES,ANOTHER,20
"打打打打打打打打打打",11,1342,156,NOTES,ANOTHER,22
"追想快晴テーマパーク",11,1589,170,NOTES,ANOTHER,23
"天空脳番長危機十六連打",11,1323,150,NOTES,ANOTHER,16
"冬椿 ft. Kanae Asaba",11,1535,155,NOTES,LEGGENDARIA,24
"忍恋花",11,1141,189,NOTES,ANOTHER,24
"爆ゼニ☆がってんワーカー",11,1391,195,NOTES,ANOTHER,26
"眠りの国のステラ",11,1393,193,NOTES,ANOTHER,27
"夕焼け ～Fading Day～",11,1420,174,NOTES,ANOTHER,18
"龍と少女とデコヒーレンス",11,1515,165,NOTES,ANOTHER,20
"龍王の霊廟(Mausoleum Of The Primal Dragon)",11,1614,144,NOTES,ANOTHER,26
"量子の海のリントヴルム",11,1508,280,NOTES,ANOTHER,23
"涙のテ・エストラーニョ・ムーチョ",11,1422,187,NOTES,ANOTHER,28
"麗 ～うらら～",11,1329,165,NOTES,ANOTHER,23
"儚き恋の華",11,1515,162,NOTES,ANOTHER,28
"曼荼羅恋々",11,1392,198,NOTES,ANOTHER,27
"255",12,1676,255,NOTES,ANOTHER,25
#MAGiCVLGiRL_TRVP_B3VTZ,12,1753,100,NOTES,ANOTHER,24
"†渚の小悪魔ラヴリィ～レイディオ†(IIDX EDIT)",12,1835,190,NOTES,ANOTHER,20
"2 Beasts Unchained",12,1780,175,NOTES,ANOTHER,29
"-65℃",12,1912,186,NOTES,ANOTHER,28
"AA",12,1834,154,NOTES,ANOTHER,11
"AA -rebuild-",12,1820,174,NOTES,ANOTHER,25
"Ancient Scapes",12,1780,178,NOTES,ANOTHER,21
"Ancient Scapes",12,2198,178,NOTES,LEGGENDARIA,21
"Angel's Ladder",12,1800,155,NOTES,ANOTHER,29
"Antigravity",12,1591,222,NOTES,ANOTHER,25
"AO-1",12,1443,195,NOTES,ANOTHER,23
"Apocalypse",12,1814,165,NOTES,ANOTHER,24
"Arabian Rave Night",12,1888,180,NOTES,LEGGENDARIA,16
"Artist",12,1870,165,NOTES,ANOTHER,27
"ASIAN VIRTUAL REALITIES (MELTING TOGETHER IN DAZZLING DARKNESS)",12,1752,150,NOTES,ANOTHER,28
"BLACK or WHITE?",12,2013,185,NOTES,ANOTHER,28
"Broken Sword",12,1887,160,NOTES,ANOTHER,22
"Candy Galy",12,1798,184,NOTES,ANOTHER,14
"Carry Me Away",12,1613,175,NOTES,ANOTHER,26
"Catch Our Fire!",12,1885,190,NOTES,ANOTHER,26
"Chrono Diver -PENDULUMs-",12,2222,196,NOTES,ANOTHER,22
"Close the World feat.a☆ru",12,1739,188,NOTES,ANOTHER,21
"Close the World feat.a☆ru",12,1983,188,NOTES,LEGGENDARIA,21
"CODE:1 [revision1.0.1]",12,1590,145,NOTES,ANOTHER,23
"COSMIC RAY",12,1509,195,NOTES,ANOTHER,28
"dAuntl3ss",12,1775,166,NOTES,ANOTHER,26
"DEADHEAT",12,1724,200,NOTES,ANOTHER,25
"DEATH†ZIGOQ ～怒りの高速爆走野郎～",12,2075,200,NOTES,ANOTHER,25
"Dr. Chemical & Killing Machine",12,1700,165,NOTES,ANOTHER,26
"Drastic Dramatic",12,1765,166,NOTES,ANOTHER,26
"DRUNK MONKY",12,1177,145,NOTES,ANOTHER,26
"DUAL STRIKER",12,1960,185,NOTES,ANOTHER,28
"EBONY & IVORY",12,1520,170,NOTES,ANOTHER,22
"EBONY & IVORY",12,1887,113-170,NOTES,LEGGENDARIA,22
"Empire of Fury",12,1700,204,NOTES,ANOTHER,28
"encounter",12,1679,190,NOTES,ANOTHER,25
"entelecheia",12,1657,185,NOTES,ANOTHER,22
"EVANESCENT",12,1845,127-165,NOTES,ANOTHER,26
"Evans",12,1440,185,NOTES,ANOTHER,17
"EXUSIA",12,1964,188,NOTES,ANOTHER,17
"F",12,1813,154,NOTES,ANOTHER,19
"fallen leaves -IIDX edition-",12,1745,165,NOTES,ANOTHER,22
"FANTASTIC THREE",12,1649,185,NOTES,ANOTHER,22
"Feel The Beat",12,1830,175,NOTES,ANOTHER,21
"Fegrix",12,1687,175,NOTES,ANOTHER,29
"fffff",12,1624,138,NOTES,ANOTHER,19
"Flashes",12,1691,180,NOTES,ANOTHER,22
"Friction[!]Function",12,1634,150,NOTES,ANOTHER,27
"FUZIN RIZIN",12,1929,190,NOTES,ANOTHER,24
"GAIA",12,1676,180,NOTES,ANOTHER,20
"GENE",12,2183,163,NOTES,ANOTHER,26
"Godspeed",12,1631,165,NOTES,ANOTHER,23
"GOLDEN CROSS",12,1765,150,NOTES,ANOTHER,17
"Grand Chariot",12,1775,191,NOTES,ANOTHER,23
"Gravigazer",12,1533,160,NOTES,ANOTHER,22
"GuNGNiR",12,2081,222,NOTES,ANOTHER,24
"GuNGNiR",12,2443,222,NOTES,LEGGENDARIA,24
"HARD BRAIN",12,1914,155,NOTES,ANOTHER,26
"Highcharge Divolt",12,1421,200,NOTES,ANOTHER,23
"Illusionary Waterlily",12,1803,180,NOTES,ANOTHER,25
"innocent revolver",12,1990,310,NOTES,ANOTHER,28
"Invitation from Mr.C",12,1405,230,NOTES,ANOTHER,22
"invoker",12,1624,195,NOTES,ANOTHER,21
"invoker",12,1851,195,NOTES,LEGGENDARIA,21
"IX",12,2007,198,NOTES,ANOTHER,21
"KAISER PHOENIX",12,1693,170,NOTES,ANOTHER,21
"KAISER PHOENIX",12,2026,170,NOTES,LEGGENDARIA,21
"KILL EACH OTHER",12,1945,162,NOTES,ANOTHER,26
"LASER CRUSTER",12,1644,152,NOTES,ANOTHER,14
"LASER CRUSTER (IGNITE REMIX)",12,1824,174,NOTES,ANOTHER,27
"Lethal Weapon",12,1646,90-180,NOTES,ANOTHER,26
"Liberation",12,1905,150,NOTES,ANOTHER,20
"LIGHTNING STRIKES",12,1639,174,NOTES,ANOTHER,27
"Little Star",12,1635,183,NOTES,ANOTHER,20
"LOST TECHNOLOGIE",12,1822,157,NOTES,ANOTHER,26
"Matt Silver",12,1707,146,NOTES,ANOTHER,27
"Monopole.",12,1729,201,NOTES,ANOTHER,22
"NITROUS CANNON",12,1875,169,NOTES,ANOTHER,25
"ONIGOROSHI",12,1541,400,NOTES,ANOTHER,26
"ORCA",12,1795,155,NOTES,ANOTHER,27
"OTENAMI Hurricane",12,1643,215,NOTES,ANOTHER,24
"perditus†paradisus",12,2065,172,NOTES,ANOTHER,18
"Persephone",12,1539,155,NOTES,ANOTHER,25
"Primitive Vibes",12,1564,150,NOTES,ANOTHER,27
"PUNISHER",12,1812,180,NOTES,ANOTHER,21
"Push on Beats!～音ゲの国のeX-ストリーマー～",12,1748,164-172,NOTES,ANOTHER,29
"quaver♪",12,1745,182-186,NOTES,ANOTHER,19
"quell～the seventh slave～",12,1646,162,NOTES,ANOTHER,17
"RAIN",12,1657,159,NOTES,ANOTHER,24
"Raspberry Railgun",12,1606,142,NOTES,ANOTHER,25
"Rave Cannon",12,1700,160,NOTES,ANOTHER,24
"RED ZONE",12,1566,165,NOTES,LEGGENDARIA,11
"refrain",12,1857,158,NOTES,ANOTHER,23
"sakura storm",12,1225,184,NOTES,ANOTHER,18
"Scripted Connection⇒ A mix",12,1575,151,NOTES,ANOTHER,12
"Session 9 -Chronicles-",12,1852,182-189,NOTES,ANOTHER,18
"Shooting Fireball",12,1983,160,NOTES,ANOTHER,22
"Sigmund",12,2029,200,NOTES,ANOTHER,21
"Sigmund",12,2267,200,NOTES,LEGGENDARIA,21
"Sky High",12,1943,153,NOTES,ANOTHER,24
"Smashing Wedge",12,1957,215,NOTES,ANOTHER,27
"snow storm",12,1709,145,NOTES,LEGGENDARIA,14
"Sol Cosine Job 2",12,1625,190-200,NOTES,ANOTHER,20
"SOLID STATE SQUAD -RISEN RELIC REMIX-",12,1670,186,NOTES,ANOTHER,28
"SpaceLand☆TOYBOX",12,1501,172,NOTES,ANOTHER,22
"SPECIAL SUMMER CAMPAIGN!",12,1509,168,NOTES,ANOTHER,18
"spiral galaxy",12,1910,154,NOTES,LEGGENDARIA,11
"STARLIGHT DANCEHALL",12,1712,177,NOTES,LEGGENDARIA,23
"Symmetry",12,1659,163,NOTES,ANOTHER,22
"SYNC-ANTHEM",12,1865,160-166,NOTES,ANOTHER,20
"TECHNO Style Essentials",12,1453,154,NOTES,ANOTHER,27
"THANK YOU FOR PLAYING",12,1534,45-170,NOTES,LEGGENDARIA,16
"THE DAY OF JUBILATIONS",12,1757,181,NOTES,ANOTHER,26
"The Least 100sec",12,1505,200-263,NOTES,ANOTHER,22
"The Limbo",12,1701,200,NOTES,ANOTHER,19
"The Rebellion of Sequencer",12,1634,300,NOTES,ANOTHER,26
"The Sampling Paradise",12,1545,150,NOTES,ANOTHER,19
"TIEFSEE",12,1752,165,NOTES,ANOTHER,22
"Tiempo Loco",12,1884,180,NOTES,ANOTHER,28
"Timepiece phase II",12,1665,287,NOTES,ANOTHER,20
"Todestrieb",12,1733,185,NOTES,ANOTHER,19
"TOXIC VIBRATION",12,1933,197,NOTES,ANOTHER,22
"TRANOID",12,1546,130-190,NOTES,LEGGENDARIA,14
"T-REX vs Velociraptor (In the Far east euphoria)",12,1636,200,NOTES,ANOTHER,27
"Trill auf G",12,1670,188,NOTES,ANOTHER,26
"True Blue",12,1898,164,NOTES,ANOTHER,20
"Ubertreffen",12,1655,174,NOTES,LEGGENDARIA,15
"VANESSA",12,1228,185,NOTES,ANOTHER,14
"VANESSA",12,1771,185,NOTES,LEGGENDARIA,14
"Verflucht",12,1805,180,NOTES,ANOTHER,21
"Verflucht",12,2401,180,NOTES,LEGGENDARIA,21
"Vinculum stellarum",12,1873,160,NOTES,ANOTHER,27
"Viridian",12,1700,161,NOTES,ANOTHER,28
"Visterhv",12,1869,191,NOTES,ANOTHER,26
"Vitrum",12,1848,146,NOTES,ANOTHER,28
"voltississimo",12,1888,225,NOTES,ANOTHER,26
"We're so Happy (P*Light Remix) IIDX ver.",12,1896,185,NOTES,ANOTHER,22
"WONDER WALKER",12,1921,165,NOTES,ANOTHER,19
"X",12,1952,180,NOTES,ANOTHER,23
"Xlo",12,1988,165,NOTES,ANOTHER,26
"YAKSHA",12,2000,190,NOTES,ANOTHER,19
"Ypsilon",12,1801,160,NOTES,LEGGENDARIA,27
"ZEPHYRANTHES",12,1982,180,NOTES,LEGGENDARIA,23
"ZZ",12,1541,154,NOTES,ANOTHER,22
"ΕΛΠΙΣ",12,1600,175,NOTES,ANOTHER,20
"ΕΛΠΙΣ",12,1852,175,NOTES,LEGGENDARIA,20
"アストライアの双皿",12,1632,173,NOTES,ANOTHER,20
"イザナミノナゲキ",12,1661,195,NOTES,ANOTHER,24
"お米の美味しい炊き方、そしてお米を食べることによるその効果。",12,1907,190,NOTES,LEGGENDARIA,20
"がっつり陰キャ!? 怪盗いいんちょの億劫^^;",12,2192,185,NOTES,ANOTHER,27
"キャトられ恋はモ～モク",12,1988,196,NOTES,ANOTHER,20
"シュレーディンガーの猫",12,1717,187,NOTES,ANOTHER,20
"スーパー戦湯ババンバーン",12,1755,187,NOTES,ANOTHER,28
"それは花火のような恋",12,1976,182,NOTES,ANOTHER,22
"トリカゴノ鳳凰",12,1932,185,NOTES,ANOTHER,20
"めいさいアイドル☆あいむちゃん♪",12,1717,160,NOTES,ANOTHER,23
"リリーゼと炎龍レーヴァテイン",12,1771,200,NOTES,ANOTHER,22
"駅猫のワルツ",12,1558,282,NOTES,ANOTHER,23
"焔極OVERKILL",12,1901,192,NOTES,ANOTHER,24
"夏色DIARY - L.E.D.-G STYLE MIX -",12,1590,190,NOTES,ANOTHER,22
"華麗なる大犬円舞曲",12,1849,60-147,NOTES,ANOTHER,27
"君のハートにロックオン",12,1828,260,NOTES,LEGGENDARIA,19
"紅牡丹",12,1445,181,NOTES,ANOTHER,22
"轟け！恋のビーンボール！！",12,1834,180,NOTES,ANOTHER,21
"黒髪乱れし修羅となりて",12,1745,150,NOTES,ANOTHER,18
"最小三倍完全数",12,1314,220,NOTES,ANOTHER,26
"疾風迅雷",12,1493,180,NOTES,ANOTHER,21
"神謳 -RESONANCE-",12,2047,180,NOTES,ANOTHER,25
"刃図羅",12,1746,165,NOTES,ANOTHER,24
"旋律のドグマ～Miserables～",12,2002,192,NOTES,ANOTHER,21
"即席！脳直★ミュージックシステム",12,1838,197,NOTES,ANOTHER,20
"超青少年ノ為ノ超多幸ナ超古典的超舞曲",12,2110,150,NOTES,LEGGENDARIA,22
"天空の夜明け",12,2072,150,NOTES,ANOTHER,19
"電人、暁に斃れる。",12,1725,165,NOTES,ANOTHER,14
"童話回廊",12,1592,262,NOTES,ANOTHER,24
"二人ノ廃城幽踊宴",12,1927,280-316,NOTES,ANOTHER,28
"伐折羅-vajra-",12,1877,173,NOTES,ANOTHER,28
"表裏一体！？怪盗いいんちょの悩み",12,1815,165,NOTES,ANOTHER,22
"抱きしめてモナムール",12,2110,190,NOTES,ANOTHER,26
"龍と少女とデコヒーレンス",12,1713,165,NOTES,LEGGENDARIA,20
"恋する☆宇宙戦争っ！！",12,1835,200,NOTES,ANOTHER,19
"GIGANT",9,890,140,NOTES,ANOTHER,19
"アクマフカ",10,1168,135,NOTES,ANOTHER,29
"Flying Castle",12,1877,174,NOTES,ANOTHER,29
"GRAVITON",12,1762,185,NOTES,ANOTHER,29
"Phoenix",12,2027,176,NOTES,LEGGENDARIA,19
"Smalt #28598F",12,1725,151,NOTES,ANOTHER,29
"華爛漫 -Flowers-",12,1597,160,NOTES,LEGGENDARIA,15
"天邪鬼",12,1693,155,NOTES,ANOTHER,29
"ATOMIC AGE",9,679,130,CHARGE,ANOTHER,9
"Miami Sunset Drive",9,842,131,CHARGE,ANOTHER,19
"獅子霞麗ノ舞",9,873,100,CHARGE,ANOTHER,24
"真夏の花・真夏の夢",9,749,130,CHARGE,ANOTHER,9
"Almace",10,1012,172,CHARGE,ANOTHER,19
"Arcana",10,1150,143,CHARGE,ANOTHER,23
"Donkey Donk",10,1150,155,CHARGE,ANOTHER,23
"Everlasting Resort",10,959,148,CHARGE,ANOTHER,18
"Golden Palms",10,1036,130,CHARGE,ANOTHER,18
"Infinity Mirror",10,1164,148,CHARGE,ANOTHER,27
"Light Shine",10,988,140,CHARGE,ANOTHER,17
"OUTER PLANETS",10,1100,140,CHARGE,ANOTHER,27
"RIDE ON THE LIGHT (HI GREAT MIX)",10,931,180,CHARGE,LEGGENDARIA,5
"soldier's waltz",10,1264,186,CHARGE,ANOTHER,15
"The Best of Both Worlds",10,1128,160,CHARGE,ANOTHER,26
"Virus Funk",10,1119,132,CHARGE,ANOTHER,27
"ラストセンチュリーメランコリック",10,1108,170,CHARGE,ANOTHER,25
"少女アリスと箱庭幻想コンチェルト",10,1095,134,CHARGE,ANOTHER,23
"ABSOLUTE",11,1412,60-144,CHARGE,LEGGENDARIA,4
"ABSOLUTE (kors k Remix)",11,1336,160,CHARGE,ANOTHER,28
"Acid Pumper",11,1267,150,CHARGE,ANOTHER,23
"Chronos",11,1205,128,CHARGE,ANOTHER,22
"Clione",11,1102,148,CHARGE,LEGGENDARIA,4
"Daily Lunch Special",11,1494,205,CHARGE,ANOTHER,23
"Dawn Saga",11,1378,185,CHARGE,ANOTHER,28
"Elisha",11,1152,185,CHARGE,ANOTHER,17
"Energy Drive",11,1122,170,CHARGE,ANOTHER,18
"Ergosphere",11,1391,170,CHARGE,ANOTHER,29
"GIGA RAID",11,1222,150,CHARGE,ANOTHER,28
"Golden Palms",11,1240,130,CHARGE,LEGGENDARIA,18
"Kailua",11,1125,146,CHARGE,ANOTHER,18
"MIRACLE MEETS",11,1128,160,CHARGE,ANOTHER,17
"Nocturnal 2097",11,1479,157,CHARGE,ANOTHER,29
"of the first magnitude",11,1503,157,CHARGE,ANOTHER,28
"Psycho Sheep Riddim",11,1150,150,CHARGE,LEGGENDARIA,26
"Rejection Girl",11,1352,174,CHARGE,ANOTHER,28
"ROCK女 feat. 大山愛未, Ken",11,1436,150,CHARGE,ANOTHER,26
"S!ck (Nhato Remix)",11,1279,174,CHARGE,ANOTHER,27
"Sakura Reflection",11,1190,181,CHARGE,ANOTHER,18
"Scandal",11,1476,160-228,CHARGE,ANOTHER,28
"Scars of FAUNA",11,1475,165,CHARGE,ANOTHER,22
"Scharfrichter",11,1472,217,CHARGE,ANOTHER,19
"Souhait bleu",11,1407,225,CHARGE,ANOTHER,29
"THE BLACK KNIGHT",11,1488,154,CHARGE,ANOTHER,18
"Urban Constellations",11,1167,167,CHARGE,ANOTHER,26
"VALLIS-NERIA",11,1507,185,CHARGE,ANOTHER,20
"Wolf 1061",11,1584,173,CHARGE,ANOTHER,26
"XINOBIKILL",11,1475,164,CHARGE,ANOTHER,24
"Zenith",11,1128,164,CHARGE,ANOTHER,28
"鬼天",11,1265,161,CHARGE,ANOTHER,22
"乱膳の舞姫",11,1382,171,CHARGE,ANOTHER,28
"ABSOLUTE EVIL",12,1778,200,CHARGE,ANOTHER,29
"Adularia",12,1449,180,CHARGE,ANOTHER,21
"Aftermath",12,1828,200,CHARGE,ANOTHER,29
"Almagest",12,1629,178,CHARGE,ANOTHER,17
"BEAT PRISONER",12,1844,155,CHARGE,ANOTHER,27
"BIGソムタム",12,1688,187,CHARGE,ANOTHER,28
"Carmina",12,2000,195,CHARGE,ANOTHER,26
"DIAMOND CROSSING",12,1585,180,CHARGE,ANOTHER,23
"ECHIDNA",12,1775,146,CHARGE,ANOTHER,24
"Everlasting Message",12,1970,230,CHARGE,ANOTHER,27
"Hollywood Galaxy",12,1392,186,CHARGE,ANOTHER,20
"Ignis†Irae",12,1970,188-191,CHARGE,ANOTHER,28
"LOCUS OF THE TRAVEL",12,1920,182,CHARGE,ANOTHER,28
"NZM",12,1783,190,CHARGE,ANOTHER,23
"Painful Fate",12,1702,192,CHARGE,ANOTHER,26
"Papilio ulysses",12,1498,180,CHARGE,ANOTHER,25
"PARADISE LOST",12,1718,200,CHARGE,ANOTHER,18
"Reflux",12,1574,150,CHARGE,ANOTHER,22
"REVOLVER",12,1731,160,CHARGE,LEGGENDARIA,25
"Sinus Iridum",12,1803,128-256,CHARGE,ANOTHER,28
"Snakey Kung-fu",12,1751,156,CHARGE,ANOTHER,24
"Steel Edge",12,1604,177,CHARGE,ANOTHER,24
"Timepiece phase II (CN Ver.)",12,1544,287,CHARGE,ANOTHER,20
"TITANS RETURN",12,1377,97-194,CHARGE,LEGGENDARIA,19
"TOGAKUSHI",12,1343,152,CHARGE,ANOTHER,24
"Triple Cross",12,1667,196,CHARGE,ANOTHER,29
"TRIUMPH",12,1724,183,CHARGE,ANOTHER,27
"Unbelief",12,1675,135,CHARGE,ANOTHER,26
"Valanga",12,1647,186,CHARGE,ANOTHER,20
"ディスコルディア",12,2073,180-280,CHARGE,ANOTHER,28
"海神",12,1629,159,CHARGE,ANOTHER,21
"共鳴遊戯の華",12,2000,190,CHARGE,ANOTHER,22
"深淵に捧ぐレクイエム",12,1537,175,CHARGE,ANOTHER,27
"真 地獄超特急 -HELL or HELL-",12,1727,165,CHARGE,ANOTHER,23
"水鏡の異界",12,1661,168,CHARGE,ANOTHER,28
"魔法のかくれんぼ",12,1454,178-208,CHARGE,ANOTHER,28
"烽火連天の刃",12,1771,190,CHARGE,ANOTHER,29
"禊",12,1631,160,CHARGE,ANOTHER,29
"GIGANT",11,1484,140,CHARGE,LEGGENDARIA,19
"Umbral",12,1566,138,CHARGE,LEGGENDARIA,24
"bit mania",8,934,148,CHORD,ANOTHER,8
"Fly Above",8,1016,150,CHORD,ANOTHER,16
"PROMISE FOR LIFE",8,875,70,CHORD,ANOTHER,15
"バビロニア",8,940,164,CHORD,ANOTHER,17
"マチ子の唄",8,901,152,CHORD,ANOTHER,15
"And-RoiD",9,1008,173,CHORD,ANOTHER,27
"Bad Routine",9,964,130,CHORD,ANOTHER,7
"Boundary",9,1031,160,CHORD,ANOTHER,10
"BRIDAL FESTIVAL !!!",9,1077,138,CHORD,ANOTHER,16
"chrono diver -fragment-",9,900,185,CHORD,ANOTHER,22
"Claiomh Solais",9,1052,165,CHORD,ANOTHER,21
"COSMIC☆WONDER☆REVOLUTION",9,1049,152,CHORD,ANOTHER,25
"Crank It",9,1228,160,CHORD,ANOTHER,27
"Double Loving Heart",9,909,138,CHORD,ANOTHER,13
"Element of SPADA",9,1047,170,CHORD,ANOTHER,21
"HIGH",9,1088,180,CHORD,ANOTHER,10
"High School Love",9,1106,180,CHORD,ANOTHER,14
"Hurry Hurry",9,1045,160,CHORD,ANOTHER,26
"Kick Out 仮面",9,1022,160,CHORD,ANOTHER,15
"LESSON 5",9,1261,152,CHORD,ANOTHER,12
"Love Me Do",9,1058,167,CHORD,ANOTHER,7
"LUV CAN SAVE U",9,1069,140,CHORD,ANOTHER,20
"Medicine of love",9,866,173,CHORD,ANOTHER,18
"Mind Mapping",9,923,128,CHORD,ANOTHER,16
"Recollection",9,1118,182,CHORD,ANOTHER,21
"Roots of my way!",9,1025,158,CHORD,ANOTHER,17
"SURVIVOR",9,1014,150,CHORD,ANOTHER,23
"thunder HOUSE NATION Remix",9,1242,128,CHORD,ANOTHER,16
"ToyCube Pf.(RX-Ver.S.P.L.)",9,1153,137-180,CHORD,ANOTHER,26
"Voxane",9,881,140,CHORD,ANOTHER,19
"コスモス",9,1049,148,CHORD,ANOTHER,17
"セカンドピアス",9,1015,138,CHORD,ANOTHER,26
"たからもの",9,1123,182,CHORD,ANOTHER,17
"タシカナモノ",9,1026,180,CHORD,ANOTHER,13
"下弦の月",9,1000,166,CHORD,ANOTHER,20
"犬に雨傘",9,1069,240,CHORD,ANOTHER,28
"黒紅掬い",9,916,104,CHORD,ANOTHER,29
"白露の風",9,1018,166,CHORD,ANOTHER,22
"1001 -ESCAPE-",10,1327,147,CHORD,ANOTHER,25
"50th Memorial Songs -Beginning Story-",10,1378,135,CHORD,ANOTHER,26
"50th Memorial Songs -Flagship medley-",10,1157,135-175,CHORD,ANOTHER,26
"50th Memorial Songs -二人の時 ～under the cherry blossoms～-",10,1311,160,CHORD,ANOTHER,26
"8bit Princess",10,1319,150,CHORD,ANOTHER,20
"Beat Radiance",10,1335,192,CHORD,ANOTHER,22
"beatAffection",10,1341,190,CHORD,ANOTHER,27
"being torn the sky",10,998,102,CHORD,ANOTHER,17
"Believe in you",10,1226,175,CHORD,ANOTHER,24
"Bloody Tears(IIDX EDITION)",10,1094,170,CHORD,ANOTHER,13
"Breakin' Chain",10,1169,206,CHORD,ANOTHER,24
"Breaking the ground",10,1274,166,CHORD,ANOTHER,18
"Calvados Queen",10,1245,220,CHORD,ANOTHER,27
"CaptivAte～裁き～(SUBLIME TECHNO MIX)",10,1231,180,CHORD,ANOTHER,17
"chrono diver -fragment-",10,1134,185,CHORD,LEGGENDARIA,22
"CoMAAAAAAA",10,1208,150,CHORD,ANOTHER,26
"CROSSROAD ～Left Story～",10,1097,170,CHORD,ANOTHER,14
"Damage Per Second",10,1153,155,CHORD,LEGGENDARIA,23
"DAYDREAMER",10,1265,195,CHORD,ANOTHER,18
"Dazzlin' Darlin",10,1115,149,CHORD,ANOTHER,15
"do the thing feat. Kanae Asaba",10,1171,135,CHORD,ANOTHER,23
"Drive Me Crazy",10,1157,180,CHORD,ANOTHER,19
"EDEN",10,1363,200,CHORD,ANOTHER,12
"EMOTiON TRiPPER",10,1098,170,CHORD,ANOTHER,29
"Euphoric Lagoon",10,1312,149,CHORD,ANOTHER,28
"Expanded !!",10,1324,200,CHORD,ANOTHER,25
"Fantasia",10,1123,165,CHORD,ANOTHER,18
"Flip Flap",10,1137,175,CHORD,ANOTHER,19
"Follow Tomorrow",10,1142,140,CHORD,ANOTHER,19
"garden",10,1100,220,CHORD,ANOTHER,12
"GRID KNIGHT",10,1328,160,CHORD,ANOTHER,14
"Hold My Hand",10,1247,154,CHORD,ANOTHER,27
"Horizons of Promise",10,1322,180,CHORD,ANOTHER,27
"Hypersonik",10,1272,175,CHORD,ANOTHER,21
"KAMIKAZE",10,1157,130,CHORD,ANOTHER,4
"LAX5 feat.Ryota Yoshinari",10,1427,190,CHORD,ANOTHER,19
"LOVELY STORM",10,1429,178,CHORD,ANOTHER,15
"LUV CAN SAVE U",10,1409,140,CHORD,LEGGENDARIA,20
"Make A Difference",10,1155,130,CHORD,ANOTHER,9
"Make Me Your Own",10,1086,130,CHORD,ANOTHER,14
"MAX LOVE",10,1348,180,CHORD,ANOTHER,15
"Mermaid girl",10,1113,140,CHORD,ANOTHER,18
"Mind Mapping",10,1135,128,CHORD,LEGGENDARIA,16
"Mr.T.(take me higher)",10,889,128,CHORD,ANOTHER,4
"NANAIRO",10,1308,192,CHORD,ANOTHER,23
"New Lights",10,1250,175,CHORD,ANOTHER,20
"NRG STAR '86 feat. 大山愛未",10,1333,145,CHORD,ANOTHER,27
"Ocean Blue feat. Luschel",10,1244,145,CHORD,ANOTHER,28
"Only for now",10,1138,150,CHORD,ANOTHER,25
"OOO",10,1034,140,CHORD,ANOTHER,24
"passionate fate",10,1075,149,CHORD,ANOTHER,18
"PIRATES BLADE",10,1088,160,CHORD,ANOTHER,29
"Punch Love 仮面",10,1269,172,CHORD,ANOTHER,16
"REMINISCENCE",10,1183,171,CHORD,ANOTHER,15
"RESISTANCE",10,1198,184,CHORD,ANOTHER,19
"RIZING YOU UP",10,1295,177,CHORD,ANOTHER,21
"rottel-the-Mercury",10,1137,200,CHORD,ANOTHER,9
"Rub-a Dub-a",10,1102,176,CHORD,ANOTHER,28
"SCORE",10,1055,140,CHORD,ANOTHER,10
"SHION",10,1359,179,CHORD,ANOTHER,20
"SigSig",10,1309,179,CHORD,ANOTHER,12
"SINOBUZ Fantasy",10,1228,190,CHORD,ANOTHER,24
"So Punky",10,1297,140,CHORD,ANOTHER,28
"Sorrows",10,1241,185,CHORD,ANOTHER,17
"Sugarplum",10,1265,170,CHORD,ANOTHER,28
"Sweet Radar",10,1020,150,CHORD,ANOTHER,22
"Technicolour Dreams",10,1202,170,CHORD,ANOTHER,26
"The Commanders",10,1227,150,CHORD,ANOTHER,24
"The Sealer ～ア・ミリアとミリアの民～",10,1117,137-205,CHORD,ANOTHER,26
"Voo Doo Bamboleo",10,1262,137,CHORD,ANOTHER,27
"Warrior",10,1257,175,CHORD,ANOTHER,24
"Wing of Hearts",10,1473,187,CHORD,ANOTHER,26
"XANADU OF TWO",10,1382,160,CHORD,ANOTHER,18
"エディブルフラワーの独白",10,1110,180,CHORD,ANOTHER,25
"おおきなこえで",10,1095,100,CHORD,LEGGENDARIA,18
"お願いアインシュタイン",10,1066,143,CHORD,ANOTHER,21
"ここからよろしく大作戦143",10,1263,184,CHORD,ANOTHER,28
"セピアの軌跡 ft. 天宮みや(少女フラクタル)",10,1205,158,CHORD,ANOTHER,27
"ハリツヤランデヴー",10,1251,143,CHORD,ANOTHER,16
"ビューティフルレシート",10,978,196,CHORD,ANOTHER,19
"ミラージュ・レジデンス",10,1345,144,CHORD,ANOTHER,15
"めでてえ",10,1336,240,CHORD,ANOTHER,29
"ラブキラ☆スプラッシュ",10,1267,152,CHORD,ANOTHER,27
"リグレット",10,1223,155,CHORD,ANOTHER,14
"夏の匂い。キミの残像。 ft. Kanae Asaba",10,1281,161,CHORD,ANOTHER,26
"共犯へヴンズコード",10,1149,219,CHORD,ANOTHER,25
"月光",10,1246,155,CHORD,ANOTHER,12
"月雪に舞う華のように",10,1083,70-125,CHORD,ANOTHER,24
"衰色小町メランコリア",10,1192,139,CHORD,ANOTHER,19
"草原の王女-軌跡を辿って-",10,1172,142,CHORD,ANOTHER,25
"鉄甲乙女-under the steel-",10,1098,160,CHORD,ANOTHER,16
"突撃!ガラスのニーソ姫!",10,1066,185,CHORD,ANOTHER,19
"梅雪夜",10,1081,167,CHORD,ANOTHER,20
"霧幻メモリア",10,1026,150,CHORD,ANOTHER,28
"翼",10,1258,148,CHORD,LEGGENDARIA,16
"凛として咲く花の如く",10,1398,163,CHORD,ANOTHER,16
"罠",10,1231,180,CHORD,ANOTHER,13
"2 tribe 4 K",11,1402,140,CHORD,ANOTHER,15
"AGEHA",11,1232,180,CHORD,LEGGENDARIA,11
"ALBA -黎明-",11,1631,165,CHORD,ANOTHER,21
"Anisakis -somatic mutation type""Forza""-",11,1443,185,CHORD,ANOTHER,15
"apo:llioth",11,1498,200,CHORD,ANOTHER,28
"AsiaN distractive",11,1337,132-157,CHORD,ANOTHER,24
"BabeL ～Grand Story～",11,1432,163,CHORD,ANOTHER,24
"Bahram Attack-猫叉Master Remix-",11,1640,155,CHORD,LEGGENDARIA,16
"Be A Star",11,1413,174,CHORD,ANOTHER,24
"Beyond The Earth",11,1646,140,CHORD,ANOTHER,22
"Beyond The Seven",11,1375,142,CHORD,ANOTHER,24
"Blaze it UP!",11,1501,175,CHORD,ANOTHER,22
"BroGamer",11,1568,207,CHORD,ANOTHER,24
"CaptivAte～浄化～",11,1243,160,CHORD,ANOTHER,12
"Chronos",11,1538,128,CHORD,LEGGENDARIA,22
"City Never Sleeps (IIDX Edition)",11,1344,156,CHORD,ANOTHER,25
"Click Again",11,1097,137,CHORD,ANOTHER,11
"COLOSSEUM",11,1159,140,CHORD,ANOTHER,22
"Cookie Bouquets",11,1714,205,CHORD,ANOTHER,20
"DAWN -THE NEXT ENDEAVOUR-",11,1577,183,CHORD,ANOTHER,17
"Discloze",11,1365,128-145,CHORD,ANOTHER,22
"Egret and Willow",11,1383,196,CHORD,ANOTHER,24
"examination leave",11,1712,180,CHORD,ANOTHER,20
"Exhaust Hype",11,1426,147,CHORD,ANOTHER,25
"Fervidex",11,1361,191,CHORD,ANOTHER,25
"FREEDOM",11,1481,150,CHORD,ANOTHER,25
"HEISEI",11,1291,152,CHORD,ANOTHER,26
"HELL SCAPER -Last Escape Remix-",11,1458,180,CHORD,ANOTHER,22
"in the Sky",11,1279,180,CHORD,ANOTHER,15
"Journey",11,1585,112,CHORD,LEGGENDARIA,23
"Legendary Treasures",11,1450,172,CHORD,ANOTHER,29
"LIKE A VAMPIRE",11,1415,276,CHORD,ANOTHER,28
"Lucy",11,1167,156,CHORD,ANOTHER,10
"Marie Antoinette",11,1312,205-248,CHORD,ANOTHER,16
"No Tears",11,1286,170,CHORD,ANOTHER,22
"Outbreak",11,1523,195,CHORD,ANOTHER,23
"Para siempre",11,1461,180,CHORD,ANOTHER,28
"PENDUAL TALISMAN",11,1314,150-160,CHORD,ANOTHER,22
"Pollinosis",11,1278,145,CHORD,ANOTHER,12
"R∞tAge",11,1503,150,CHORD,ANOTHER,26
"Realize Maze",11,1503,149,CHORD,ANOTHER,22
"RISING FIRE HAWK",11,1372,157,CHORD,ANOTHER,24
"SHADE",11,1464,151,CHORD,ANOTHER,19
"smile",11,1464,189,CHORD,ANOTHER,14
"SOUND OF GIALLARHORN",11,1668,184,CHORD,ANOTHER,15
"SPACE FIGHT",11,1134,139,CHORD,ANOTHER,10
"STARLiGHT",11,1413,199,CHORD,ANOTHER,23
"STARLIGHT DANCEHALL",11,1342,177,CHORD,ANOTHER,23
"Take It Easy",11,1282,205,CHORD,ANOTHER,6
"Temple of Anubis",11,1345,155,CHORD,ANOTHER,25
"THE DEEP STRIKER",11,1528,173,CHORD,ANOTHER,15
"THE DETONATOR",11,1636,173,CHORD,ANOTHER,21
"THE FALLEN",11,1377,167,CHORD,ANOTHER,18
"the trigger of innocence",11,1558,150,CHORD,LEGGENDARIA,15
"Time to Air",11,1458,191,CHORD,ANOTHER,15
"Tropical April",11,1395,182,CHORD,ANOTHER,18
"V2",11,1810,150,CHORD,ANOTHER,16
"Valgus",11,1206,175,CHORD,ANOTHER,21
"VALKYRIAS -英雄誕生-",11,1386,184,CHORD,ANOTHER,27
"Ventriloquist",11,1232,170,CHORD,ANOTHER,29
"Victory Of Ravers",11,1301,178,CHORD,ANOTHER,29
"Volcanic Dragon",11,1495,175,CHORD,ANOTHER,27
"Wanna Party?",11,1300,128,CHORD,LEGGENDARIA,15
"Welcome",11,1357,170,CHORD,ANOTHER,23
"Ｘ↑Ｘ↓",11,1485,172,CHORD,ANOTHER,22
"Xyndrome",11,1495,195,CHORD,ANOTHER,29
"シャムシールの舞",11,1294,100-155,CHORD,ANOTHER,27
"ディッシュウォッシャー◎彡おいわちゃん",11,1280,210,CHORD,ANOTHER,24
"ドッキン☆サマーあばんちゅーる",11,1447,180,CHORD,ANOTHER,22
"バッドエンド・シンドローム",11,1497,126,CHORD,ANOTHER,27
"ユミル",11,1434,164,CHORD,ANOTHER,19
"明鏡止水",11,1443,208-290,CHORD,ANOTHER,23
"恋は白帯、サンシロー",11,1395,175,CHORD,LEGGENDARIA,22
"錬成人間トリコロイダー",11,1613,190,CHORD,ANOTHER,27
"凛として咲く花の如く",11,1595,163,CHORD,LEGGENDARIA,16
"朧",11,1280,149,CHORD,LEGGENDARIA,20
"鴉",11,1356,190,CHORD,ANOTHER,24
"〆",12,1877,160,CHORD,ANOTHER,24
"AKASHIC BREAK",12,1823,205,CHORD,ANOTHER,27
"ALBIDA",12,1530,185,CHORD,ANOTHER,18
"ALTERNATOR",12,1907,185,CHORD,ANOTHER,29
"Amazing Mirage",12,1684,153,CHORD,LEGGENDARIA,24
"Anisakis -somatic mutation type""Forza""-",12,1971,185,CHORD,LEGGENDARIA,15
"B4U(BEMANI FOR YOU MIX)",12,2360,170,CHORD,LEGGENDARIA,16
"Beat Radiance",12,1809,192,CHORD,LEGGENDARIA,22
"BITTER CHOCOLATE STRIKER",12,1990,165,CHORD,ANOTHER,16
"Boomy and The Boost",12,1826,173,CHORD,ANOTHER,25
"BroGamer",12,2383,207,CHORD,LEGGENDARIA,24
"CHRONO DIVER -NORNIR-",12,2233,185,CHORD,LEGGENDARIA,22
"Cosmic Cat",12,1651,160,CHORD,LEGGENDARIA,22
"DARK LEGACY",12,1828,196,CHORD,ANOTHER,21
"Despair of ELFERIA",12,2096,205,CHORD,ANOTHER,22
"Dynamite",12,1954,100,CHORD,ANOTHER,23
"Elemental Creation",12,2130,212,CHORD,ANOTHER,20
"eRAseRmOToRpHAntOM",12,1686,135-270,CHORD,ANOTHER,17
"G59",12,2000,170,CHORD,ANOTHER,17
"GO OVER WITH GLARE -ROOTAGE 26-",12,2000,170,CHORD,ANOTHER,26
"GRID KNIGHT",12,1744,160,CHORD,LEGGENDARIA,14
"Initiation",12,2018,160,CHORD,ANOTHER,25
"INSOMNIA",12,1661,195,CHORD,ANOTHER,21
"Kung-fu Empire",12,1999,177,CHORD,LEGGENDARIA,16
"Little Little Princess",12,1946,180-212,CHORD,LEGGENDARIA,12
"LIVE DRIVING!! feat. 花たん",12,1947,190,CHORD,ANOTHER,29
"M4K3 1T B0UNC3",12,1546,150,CHORD,ANOTHER,23
"Marie Antoinette",12,1618,205-248,CHORD,LEGGENDARIA,16
"mosaic",12,1509,188,CHORD,ANOTHER,17
"NEO GENERATOR SEVEN",12,1690,182,CHORD,ANOTHER,22
"NNRT",12,1780,101-202,CHORD,ANOTHER,19
"PLASMA SOUL NIGHT feat. Nana Takahashi / 709sec.",12,2271,178,CHORD,ANOTHER,29
"Please Welcome Mr.C",12,1522,230,CHORD,ANOTHER,26
"Rampage",12,1831,195,CHORD,ANOTHER,25
"Rave*it!! Rave*it!!",12,1656,282,CHORD,ANOTHER,22
"reunion",12,1677,184,CHORD,ANOTHER,18
"rommmo",12,1762,208,CHORD,ANOTHER,28
"Say YEEEAHH",12,1667,135,CHORD,ANOTHER,22
"Secrets",12,2116,150,CHORD,LEGGENDARIA,16
"SOLID STATE SQUAD",12,1868,155,CHORD,LEGGENDARIA,17
"Sounds Of Summer",12,1513,175,CHORD,ANOTHER,22
"Super Rush",12,1791,190,CHORD,ANOTHER,24
"THE BRAVE MUST DIE",12,2075,215,CHORD,ANOTHER,27
"THE DEEP STRIKER",12,1778,173,CHORD,LEGGENDARIA,15
"thunder HOUSE NATION Remix",12,1954,128,CHORD,LEGGENDARIA,16
"Thunderbolt",12,1911,188,CHORD,ANOTHER,19
"Triple Counter",12,2016,216,CHORD,ANOTHER,23
"TROOPERS",12,1496,177,CHORD,ANOTHER,15
"Venom",12,1624,190,CHORD,ANOTHER,24
"VOX UP",12,1870,202,CHORD,ANOTHER,21
"waxing and wanding",12,2000,191,CHORD,LEGGENDARIA,13
"Welcome",12,1701,170,CHORD,LEGGENDARIA,23
"仮想空間の旅人たち",12,1943,151,CHORD,LEGGENDARIA,20
"逆月",12,1920,280,CHORD,ANOTHER,29
"九尾狐夜行",12,1521,145,CHORD,ANOTHER,24
"世界の果てに約束の凱歌を -ReUnion-",12,1983,200,CHORD,ANOTHER,28
"Emera",11,1179,161,CHORD,ANOTHER,29
"WISE UP!",11,1320,127,CHORD,LEGGENDARIA,18
"Override",12,2204,175,CHORD,LEGGENDARIA,27
"Time to Air",12,1888,191,CHORD,LEGGENDARIA,15
"Air Bell",8,868,171,PEAK,ANOTHER,14
"ALIEN TEMPLE",8,1021,145,PEAK,ANOTHER,10
"BAD BOY BASS!! (dj Remo-con MIX)",8,908,148,PEAK,ANOTHER,9
"BALLAD THE FEATHERS",8,764,132,PEAK,ANOTHER,13
"Blueberry Stream",8,846,138,PEAK,ANOTHER,6
"CALL",8,735,158,PEAK,ANOTHER,19
"Darling my LUV",8,695,100,PEAK,ANOTHER,15
"EMPTY OF THE SKY",8,843,182,PEAK,ANOTHER,12
"fly through the night",8,863,140,PEAK,ANOTHER,6
"four-leaf",8,867,157,PEAK,ANOTHER,14
"HORIZON",8,990,171,PEAK,ANOTHER,11
"Indigo Vision(full flavour hide around mix)",8,617,155,PEAK,ANOTHER,2
"Jam&Marmalade",8,512,145,PEAK,ANOTHER,4
"lights",8,910,142,PEAK,ANOTHER,9
"mnemoniq",8,658,111,PEAK,ANOTHER,20
"never…",8,915,130,PEAK,ANOTHER,14
"PARANOIA MAX～DIRTY MIX～",8,562,190,PEAK,ANOTHER,1.5
"Playball",8,693,140,PEAK,ANOTHER,28
"Presto",8,508,136,PEAK,ANOTHER,3
"RIDE ON THE LIGHT (HI GREAT MIX)",8,862,180,PEAK,ANOTHER,5
"scar in the earth",8,766,141,PEAK,ANOTHER,15
"sometime",8,672,150,PEAK,ANOTHER,5
"Stay my side",8,678,100,PEAK,ANOTHER,18
"システムロマンス",8,1023,148,PEAK,ANOTHER,10
"花吹雪 ～ IIDX LIMITED ～",8,719,150,PEAK,ANOTHER,14
"蒼い衝動",8,803,145,PEAK,ANOTHER,8
"808monkey",9,914,168,PEAK,ANOTHER,29
"AGEHA",9,948,180,PEAK,ANOTHER,11
"ALL I NEED YOUR LOVE",9,1081,145,PEAK,ANOTHER,16
"ALL RIGHT",9,815,180,PEAK,ANOTHER,8
"ASTRAL VOYAGE",9,971,136,PEAK,ANOTHER,10
"Attitude",9,881,145,PEAK,ANOTHER,8
"AVE DE RAPINA",9,934,125,PEAK,ANOTHER,7
"beatonic nation",9,1093,165,PEAK,ANOTHER,15
"BRIGHTNESS DARKNESS",9,889,150,PEAK,ANOTHER,9
"CaptivAte～裁き～",9,897,180,PEAK,ANOTHER,14
"CARRY ON NIGHT (English version)",9,1037,158,PEAK,ANOTHER,10
"Clione",9,811,148,PEAK,ANOTHER,4
"Don't Stop The Music feat. Kanae Asaba",9,944,132,PEAK,ANOTHER,28
"Exchange Place",9,903,142,PEAK,ANOTHER,23
"Freezing atmosphere",9,775,135,PEAK,ANOTHER,10
"GENOM SCREAMS",9,536,150,PEAK,ANOTHER,1.5
"gentle stress",9,728,175,PEAK,ANOTHER,1.5
"Golden Horn",9,763,160,PEAK,ANOTHER,9
"heaven above",9,928,132,PEAK,ANOTHER,14
"I FIGHT ME",9,1068,175,PEAK,ANOTHER,18
"Luv 2 Feel Your Body",9,839,134,PEAK,ANOTHER,8
"MARIA (I believe... )",9,983,158,PEAK,ANOTHER,9
"METALLIC MIND",9,832,150,PEAK,ANOTHER,14
"minimalian",9,706,141,PEAK,ANOTHER,4
"Monkey Dance",9,997,155,PEAK,ANOTHER,8
"MOON RACE",9,957,147,PEAK,ANOTHER,12
"MUSIC TO YOUR HEAD",9,849,144,PEAK,ANOTHER,8
"neogenesis",9,864,151,PEAK,ANOTHER,16
"pandora",9,931,148,PEAK,ANOTHER,10
"Psycho Sheep Riddim",9,841,150,PEAK,ANOTHER,26
"Real",9,920,200,PEAK,ANOTHER,5
"RUGGED ASH",9,556,168,PEAK,ANOTHER,1.5
"SPEEDY CAT",9,1028,155,PEAK,ANOTHER,11
"STILL IN MY HEART",9,971,150,PEAK,ANOTHER,5
"Tomorrow Perfume",9,1085,144,PEAK,ANOTHER,6
"ＵＬＴｉＭΛＴＥ",9,1006,180,PEAK,ANOTHER,11
"Under the Sky",9,875,170,PEAK,ANOTHER,12
"まほろば",9,1033,149,PEAK,ANOTHER,16
"太陽～T・A・I・Y・O～",9,880,155,PEAK,ANOTHER,11
"大桟橋",9,937,84-168,PEAK,ANOTHER,11
"ALFARSHEAR 双神威に廻る夢",10,1049,170,PEAK,ANOTHER,13
"alla turca con passione",10,1103,140,PEAK,ANOTHER,12
"Apocalypse ～dirge of swans～",10,1214,170,PEAK,ANOTHER,13
"avant-guerre",10,982,130-146,PEAK,ANOTHER,15
"awakening",10,866,143,PEAK,ANOTHER,11
"B4U",10,1014,155,PEAK,ANOTHER,4
"BABY LOVE",10,1089,160,PEAK,ANOTHER,10
"Backyard Stars",10,1155,175,PEAK,ANOTHER,27
"Bahram Attack-猫叉Master Remix-",10,1314,155,PEAK,ANOTHER,16
"Best of Me",10,1127,177,PEAK,ANOTHER,25
"BREATH",10,875,160,PEAK,ANOTHER,11
"CaptivAte～誓い～",10,1127,160,PEAK,ANOTHER,14
"Chain of pain",10,1130,153,PEAK,ANOTHER,22
"Cradle",10,803,160-188,PEAK,ANOTHER,9
"Cyber Force -DJ Yoshitaka Remix-",10,1278,148,PEAK,ANOTHER,16
"D.A.N.C.E.!",10,826,116,PEAK,ANOTHER,11
"DENIM",10,883,150,PEAK,ANOTHER,28
"DIVE ～INTO YOUR HEART～",10,1066,155,PEAK,ANOTHER,6
"Do What You Want",10,1027,160,PEAK,ANOTHER,27
"Don't be afraid myself",10,1155,165,PEAK,ANOTHER,11
"DXY!",10,1158,148,PEAK,ANOTHER,4
"e-motion 2003 -romantic extra-",10,1001,145,PEAK,ANOTHER,9
"EURO-ROMANCE",10,1056,161,PEAK,ANOTHER,13
"FEEL IT",10,1013,180,PEAK,ANOTHER,10
"Fly Above (Vicissitude Remix)",10,1200,180,PEAK,ANOTHER,27
"Freeway Shuffle",10,949,145,PEAK,ANOTHER,15
"Geirskogul",10,1128,177,PEAK,ANOTHER,26
"HYPER EUROBEAT (2DX style)",10,990,152,PEAK,ANOTHER,9
"Infinite cave",10,1044,190,PEAK,ANOTHER,19
"Jack",10,1086,116,PEAK,ANOTHER,16
"Karma",10,925,222,PEAK,ANOTHER,9
"Keep it-秋葉工房mix-",10,942,166,PEAK,ANOTHER,17
"La dolce primavera",10,1098,220,PEAK,ANOTHER,23
"Leaving...",10,1116,145,PEAK,ANOTHER,13
"LETHEBOLG ～双神威に斬り咲けり～",10,1111,165,PEAK,ANOTHER,19
"Love Magic",10,991,170,PEAK,ANOTHER,12
"lower world",10,1144,155,PEAK,ANOTHER,9
"Lucky Days",10,1111,160,PEAK,ANOTHER,19
"madrugada",10,945,125,PEAK,ANOTHER,15
"Miracle 5ympho X",10,1325,210,PEAK,ANOTHER,21
"Monkey Dance '09",10,1142,155,PEAK,ANOTHER,16
"Musik LoverZ",10,1268,150,PEAK,ANOTHER,23
"Narcissus At Oasis",10,838,170,PEAK,ANOTHER,10
"NEW GENERATION -もう、お前しか見えない-",10,1342,165,PEAK,ANOTHER,15
"Nowhere",10,1100,140,PEAK,ANOTHER,23
"Odin",10,1039,160-180,PEAK,ANOTHER,21
"Party Starter",10,1170,154,PEAK,ANOTHER,28
"PHOTONGENIC",10,1162,175,PEAK,ANOTHER,14
"POINT ZERO",10,1068,188,PEAK,ANOTHER,20
"Rainbow after snow",10,1090,179,PEAK,ANOTHER,20
"Regulus",10,881,120-128,PEAK,ANOTHER,5
"RISE",10,951,182,PEAK,ANOTHER,21
"SA.YO.NA.RA. SUPER STAR",10,868,85-170,PEAK,ANOTHER,19
"Sephirot",10,1193,154,PEAK,ANOTHER,23
"Set U Free feat. Kanae Asaba",10,1290,140,PEAK,ANOTHER,23
"She is my wife",10,1002,85-170,PEAK,ANOTHER,17
"Silly Love",10,1061,124-153,PEAK,ANOTHER,27
"SNOW",10,1038,180,PEAK,ANOTHER,9
"So Fabulous !!",10,1191,149,PEAK,ANOTHER,13
"SOMETHING WONDERFUL",10,1003,150,PEAK,ANOTHER,6
"Space Time",10,1114,143,PEAK,ANOTHER,18
"SPEED ROCKER",10,1175,145,PEAK,ANOTHER,26
"Sphere",10,1111,160,PEAK,ANOTHER,11
"Star Trail",10,942,148,PEAK,ANOTHER,19
"Static State",10,1218,138,PEAK,ANOTHER,25
"sync",10,1204,167,PEAK,ANOTHER,5
"THANK YOU FOR PLAYING",10,1090,45-170,PEAK,ANOTHER,16
"That Feeling",10,973,150,PEAK,ANOTHER,28
"THE DOOR INTO RAINBOW",10,1123,155,PEAK,ANOTHER,18
"The Hope of Tomorrow",10,992,144,PEAK,ANOTHER,11
"This is Love",10,1249,175,PEAK,ANOTHER,13
"Tori-no-kimochi",10,1030,132,PEAK,ANOTHER,23
"traces",10,1083,152,PEAK,ANOTHER,7
"TRIP MACHINE PhoeniX",10,935,80-160,PEAK,ANOTHER,15
"Twelfth Style",10,1033,160,PEAK,ANOTHER,12
"VIBRΛ",10,941,176,PEAK,ANOTHER,27
"Votum stellarum",10,1017,136-147,PEAK,ANOTHER,12
"Wonderful Escape",10,1052,165,PEAK,ANOTHER,29
"Wuv U",10,861,173,PEAK,ANOTHER,18
"ギョギョっと人魚 爆婚ブライダル",10,1209,169,PEAK,ANOTHER,23
"グラナダの風",10,954,130,PEAK,ANOTHER,26
"クルクル☆ラブ～Opioid Peptide MIX～",10,1144,185,PEAK,ANOTHER,14
"罪と罰",10,1096,144,PEAK,ANOTHER,21
"十六夜セツナ",10,1132,160,PEAK,ANOTHER,22
"水上の提督(Short mix from ""幻想水滸伝V"")",10,1073,152,PEAK,ANOTHER,17
"恋はどう？モロ◎波動OK☆方程式!!",10,1247,128,PEAK,ANOTHER,24
"100% minimoo-G",11,903,252,PEAK,ANOTHER,12
"24th Century BOY",11,1456,168,PEAK,ANOTHER,19
"50th Memorial Songs -The BEMANI History-",11,1348,136,PEAK,ANOTHER,26
"Abraxas",11,1241,165,PEAK,ANOTHER,25
"AFRO KNUCKLE",11,1226,145,PEAK,ANOTHER,22
"ALL MY TURN -このターンに、オレの全てを賭ける-",11,1314,170,PEAK,ANOTHER,16
"Angelic Jelly",11,1419,200,PEAK,ANOTHER,23
"Around the Future",11,1329,162,PEAK,ANOTHER,25
"Aurora",11,1280,181,PEAK,ANOTHER,12
"Back Spin Sweeper",11,1156,155,PEAK,ANOTHER,25
"Battleground",11,1361,165,PEAK,ANOTHER,25
"Be quiet",11,1114,150,PEAK,ANOTHER,11
"Beast mode",11,1395,195,PEAK,ANOTHER,25
"Beastie Starter",11,1121,190,PEAK,ANOTHER,20
"Blame",11,980,155,PEAK,ANOTHER,8
"Blind Justice ～Torn souls, Hurt Faiths ～",11,1245,137-165,PEAK,ANOTHER,14
"BLOCKS",11,1000,141,PEAK,ANOTHER,11
"Blue Rain",11,1149,144,PEAK,ANOTHER,15
"BREAK OVER",11,1210,106-150,PEAK,ANOTHER,24
"Broadbanded",11,1019,140,PEAK,ANOTHER,13
"CaptivAte2～覚醒～",11,1221,175,PEAK,ANOTHER,16
"chaos eater -IIDX edition-",11,1328,210,PEAK,ANOTHER,23
"Cleopatrysm",11,1326,190,PEAK,ANOTHER,21
"Cosmic Cat",11,1166,160,PEAK,ANOTHER,22
"Critical Crystal",11,1495,191,PEAK,ANOTHER,21
"Cyber True Color",11,1207,150,PEAK,ANOTHER,24
"D.C.fish",11,1178,155,PEAK,ANOTHER,13
"Debtty Daddy",11,1371,155,PEAK,ANOTHER,10
"DESIRE",11,1446,175,PEAK,ANOTHER,17
"diagram",11,1461,112,PEAK,ANOTHER,21
"Do it!! Do it!!",11,987,300,PEAK,ANOTHER,15
"DROP",11,1337,152,PEAK,ANOTHER,17
"Eine Haube ～聖地の果てにあるもの～",11,1321,170,PEAK,ANOTHER,25
"Farewell to Marrakech",11,1162,144,PEAK,ANOTHER,28
"FLOWER",11,1460,173,PEAK,ANOTHER,20
"Funny shuffle",11,1199,115,PEAK,ANOTHER,21
"Ganymede",11,1199,72-82,PEAK,ANOTHER,13
"GHOST",11,1403,150-180,PEAK,ANOTHER,27
"Giudecca",11,1381,155,PEAK,ANOTHER,8
"GOBBLE",11,866,160,PEAK,ANOTHER,23
"Harmony and Lovely",11,1127,135,PEAK,ANOTHER,13
"Holic",11,880,155,PEAK,ANOTHER,3
"Insane Techniques",11,1263,146,PEAK,ANOTHER,21
"Into The Madness",11,1286,155,PEAK,ANOTHER,27
"INVISIBLE STRIX",11,1331,184,PEAK,ANOTHER,24
"kors k's How to make OTOGE CORE",11,1180,124-190,PEAK,ANOTHER,29
"m1dy Deluxe",11,1342,205,PEAK,ANOTHER,21
"MENTAL MELTDOWN",11,1443,145,PEAK,ANOTHER,15
"Nasty Techniques",11,1338,150,PEAK,ANOTHER,27
"NEMESIS",11,973,164,PEAK,ANOTHER,6
"Next Tales 2 Oath (IIDX 20th Anniv ""Ring"" Theme)",11,1387,180,PEAK,ANOTHER,26
"Night sky",11,1491,192,PEAK,ANOTHER,22
"Pharaoh",11,1242,180,PEAK,ANOTHER,21
"Programmed Sun",11,1309,144,PEAK,ANOTHER,17
"Programmed World",11,1161,153,PEAK,ANOTHER,16
"quasar",11,1161,155,PEAK,ANOTHER,9
"Queen Kaguya",11,1330,200,PEAK,ANOTHER,27
"R5",11,889,180,PEAK,ANOTHER,3
"rainbow flyer",11,1081,148,PEAK,ANOTHER,8
"rainbow guitar weeps",11,1406,156,PEAK,ANOTHER,21
"RESONATE 1794",11,951,160,PEAK,ANOTHER,11
"Rising in the Sun(original mix)",11,1202,172,PEAK,ANOTHER,15
"RISLIM -Remix-",11,959,132,PEAK,ANOTHER,9
"S!ck",11,1373,177,PEAK,ANOTHER,20
"Sakura Mirage",11,1190,187,PEAK,ANOTHER,22
"Sarutobi Champion is 拙者",11,1153,130-195,PEAK,ANOTHER,24
"SCHWARZSCHILD FIELD",11,1232,150,PEAK,ANOTHER,21
"Second Heaven",11,1069,149,PEAK,ANOTHER,14
"Secret of Love",11,1019,162,PEAK,ANOTHER,11
"Session 1 -Genesis-",11,1240,79-178,PEAK,ANOTHER,17
"Spica",11,1167,128,PEAK,ANOTHER,7
"STEEL NEEDLE",11,1269,205,PEAK,ANOTHER,15
"The Dirty of Loudness",11,1327,165,PEAK,ANOTHER,13
"THE LAST STRIKER",11,1327,185,PEAK,ANOTHER,17
"tripping contact(teranoid&MC Natsack Remix)",11,1258,187,PEAK,ANOTHER,13
"Unicorn tail",11,1605,170,PEAK,ANOTHER,21
"waxing and wanding",11,1457,191,PEAK,ANOTHER,13
"Yum Yum Jelly",11,1204,180,PEAK,ANOTHER,26
"ZED",11,1405,190,PEAK,ANOTHER,20
"オールトの雲",11,1335,215,PEAK,ANOTHER,29
"セロトニン",11,1194,150,PEAK,ANOTHER,23
"合体せよ！ストロングイェーガー！！ (Ryu☆ remix)",11,972,155,PEAK,ANOTHER,12
"蛇神",11,1438,170,PEAK,ANOTHER,19
"青の洞窟",11,1600,175,PEAK,ANOTHER,29
"朝焼けから始まるボクらの小さな旅",11,1298,100-218,PEAK,ANOTHER,23
"超青少年ノ為ノ超多幸ナ超古典的超舞曲",11,1350,150,PEAK,ANOTHER,22
"牧神笛吹きて",11,1044,157,PEAK,ANOTHER,21
"命の標本",11,1358,183,PEAK,ANOTHER,25
"旅人リラン",11,1345,155,PEAK,ANOTHER,18
"∀",12,1802,180,PEAK,ANOTHER,28
"3y3s",12,1871,191,PEAK,ANOTHER,16
"A",12,1260,93-191,PEAK,ANOTHER,7
"AIR RAID FROM THA UNDAGROUND",12,1523,180,PEAK,LEGGENDARIA,17
"ANCHOR",12,1835,180,PEAK,ANOTHER,25
"Arca",12,1602,185,PEAK,ANOTHER,25
"Bad Maniacs",12,1656,195,PEAK,ANOTHER,17
"Binary Black Hole",12,2000,190,PEAK,ANOTHER,29
"Blue Rain",12,1702,144,PEAK,LEGGENDARIA,15
"Blue Spring Express",12,1728,172,PEAK,ANOTHER,23
"Broken",12,1598,148,PEAK,ANOTHER,18
"cinder",12,1601,216,PEAK,ANOTHER,22
"Colorful Cookie",12,1773,180,PEAK,ANOTHER,16
"Colors (radio edit)",12,1258,150,PEAK,ANOTHER,6
"Confiserie",12,1833,185,PEAK,ANOTHER,20
"CONTRACT",12,1418,180,PEAK,LEGGENDARIA,13
"Dances with Snow Fairies",12,1623,154,PEAK,ANOTHER,18
"Dans la nuit de l'eternite",12,1830,244,PEAK,ANOTHER,27
"Devil's Gear",12,1793,180,PEAK,ANOTHER,23
"Devilz Staircase",12,1685,185,PEAK,ANOTHER,20
"DIAVOLO",12,1745,160,PEAK,ANOTHER,19
"DOMINION",12,1636,196,PEAK,ANOTHER,17
"DORNWALD ～Junge～",12,1903,169,PEAK,ANOTHER,24
"DUE TOMORROW",12,1073,100-400,PEAK,ANOTHER,13
"EMERALDAS",12,1833,88-176,PEAK,ANOTHER,25
"EROICA",12,2040,200,PEAK,ANOTHER,27
"FAKE TIME",12,1231,200,PEAK,ANOTHER,11
"Feel The Beat",12,2225,175,PEAK,LEGGENDARIA,21
"FIRE FIRE",12,1405,150,PEAK,ANOTHER,14
"Ganymede",12,1356,72-82,PEAK,LEGGENDARIA,13
"gigadelic",12,1301,173,PEAK,ANOTHER,11
"GiGaGaHell",12,1687,250,PEAK,ANOTHER,29
"Go Ahead!!",12,1413,200,PEAK,ANOTHER,24
"Go Beyond!!",12,1166,200,PEAK,ANOTHER,16
"HADES",12,1601,155,PEAK,ANOTHER,24
"HAERETICUS",12,1589,208,PEAK,ANOTHER,19
"IMPLANTATION",12,1163,145,PEAK,ANOTHER,22
"Inferno of Fomalhaut",12,1701,150,PEAK,ANOTHER,27
"Innocent Walls",12,1446,155,PEAK,ANOTHER,10
"KAMAITACHI",12,2000,165,PEAK,LEGGENDARIA,14
"L.F.O",12,1687,180,PEAK,ANOTHER,26
"Last Dance",12,1650,150,PEAK,ANOTHER,21
"Life Is A Game ft.DD""ナカタ""Metal",12,1775,195,PEAK,ANOTHER,25
"Macho Monky",12,1588,150,PEAK,ANOTHER,26
"Mare Nectaris",12,2094,256,PEAK,ANOTHER,24
"MEGAERA",12,1790,206,PEAK,ANOTHER,25
"Megalara Garuda",12,1543,180,PEAK,ANOTHER,27
"MENDES",12,1831,168,PEAK,ANOTHER,15
"moon_child",12,1300,130-160,PEAK,ANOTHER,9
"neu",12,1999,199,PEAK,ANOTHER,20
"NEW GENERATION -もう、お前しか見えない-",12,1895,165,PEAK,LEGGENDARIA,15
"Nightmare before oversleep",12,1500,190,PEAK,ANOTHER,23
"One More Lovely",12,1452,200,PEAK,ANOTHER,10
"one or eight",12,1177,155,PEAK,ANOTHER,9
"oratio",12,1493,162,PEAK,ANOTHER,15
"Parvati",12,1467,205,PEAK,ANOTHER,28
"PLEASE DON'T GO",12,1251,135,PEAK,ANOTHER,8
"Proof of the existence",12,1675,170,PEAK,ANOTHER,20
"Quakes",12,1654,190,PEAK,ANOTHER,24
"QUANTUM TELEPORTATION",12,1845,152,PEAK,LEGGENDARIA,17
"ra'am",12,1461,111-222,PEAK,ANOTHER,21
"rage against usual",12,1527,152,PEAK,ANOTHER,12
"Rave Patroller",12,1705,175,PEAK,ANOTHER,27
"Ristaccia",12,1386,160,PEAK,ANOTHER,15
"SCREAM SQUAD",12,1073,220,PEAK,ANOTHER,12
"Scripted Connection⇒ A mix",12,1749,151,PEAK,LEGGENDARIA,12
"Sense 2007",12,1517,140,PEAK,ANOTHER,14
"Slipstream",12,1822,175,PEAK,ANOTHER,25
"SOLID STATE SQUAD",12,1819,155,PEAK,ANOTHER,17
"STEEL NEEDLE",12,1701,205,PEAK,LEGGENDARIA,15
"StrayedCatz",12,1490,303,PEAK,ANOTHER,23
"STULTI",12,1416,90-182,PEAK,ANOTHER,20
"THE F∀UST",12,1851,170,PEAK,ANOTHER,27
"THE PEERLESS UNDER HEAVEN",12,1818,170,PEAK,ANOTHER,28
"Thor's Hammer",12,1641,150,PEAK,ANOTHER,20
"Twelfth Style",12,1684,160,PEAK,LEGGENDARIA,12
"V",12,1519,150,PEAK,ANOTHER,5
"X-DEN",12,2220,200,PEAK,ANOTHER,26
"Zirkfied",12,1968,210,PEAK,ANOTHER,20
"お菓子の王国",12,2109,190,PEAK,ANOTHER,26
"カゴノトリ～弐式～",12,1325,140,PEAK,ANOTHER,13
"シムルグの目醒め",12,1822,190,PEAK,ANOTHER,25
"たまゆら",12,1407,180,PEAK,ANOTHER,20
"ピアノ協奏曲第1番”蠍火” (BlackY Remix)",12,1926,160,PEAK,ANOTHER,27
"狂イ咲ケ焔ノ華",12,1860,206,PEAK,ANOTHER,20
"金野火織の金色提言",12,1630,225,PEAK,ANOTHER,26
"子供の落書き帳",12,1395,180,PEAK,ANOTHER,19
"紫陽花 -AZISAI-",12,1490,155,PEAK,ANOTHER,23
"疾風迅雷",12,1824,180,PEAK,LEGGENDARIA,21
"少年A",12,1449,90-192,PEAK,ANOTHER,15
"少年は空を辿る",12,1729,140,PEAK,ANOTHER,22
"雪月花",12,1287,151,PEAK,ANOTHER,10
"嘆きの樹",12,2000,160,PEAK,ANOTHER,13
"津軽雪",12,1953,160,PEAK,ANOTHER,24
"東京神話",12,1505,196,PEAK,ANOTHER,25
"廿",12,1731,120-160,PEAK,LEGGENDARIA,21
"卑弥呼",12,2119,82-185,PEAK,ANOTHER,16
"不沈艦CANDY",12,1682,188,PEAK,ANOTHER,16
"魅惑のYUMMYスイーツ",12,1586,208,PEAK,ANOTHER,27
"煉獄のエルフェリア",12,2000,183,PEAK,ANOTHER,21
"閠槞彁の願い",12,1613,180,PEAK,ANOTHER,28
"Pout",11,1317,170,PEAK,ANOTHER,29
"Spin the disc",8,674,130,SCRATCH,ANOTHER,5
"サヨナラ・ヘヴン",8,855,111,SCRATCH,ANOTHER,17
"Close my Eyes for Me",9,948,132-145,SCRATCH,ANOTHER,11
"route 80s",9,766,122,SCRATCH,ANOTHER,6
"250bpm",10,726,250,SCRATCH,ANOTHER,4
"5.1.1.",10,786,101,SCRATCH,ANOTHER,1
"bass 2 bass",10,970,140,SCRATCH,ANOTHER,17
"Buffalo",10,932,108,SCRATCH,ANOTHER,6
"Catch Me",10,925,115,SCRATCH,ANOTHER,12
"Do Back Burn",10,1078,136,SCRATCH,ANOTHER,17
"Feedback",10,1010,140,SCRATCH,ANOTHER,10
"HEARTACHE",10,930,90,SCRATCH,ANOTHER,29
"Hella Deep",10,959,132-150,SCRATCH,ANOTHER,25
"Midnight Drive",10,1016,90-110,SCRATCH,ANOTHER,28
"NO LIMIT -オレ達に限界は無い-",10,1148,150,SCRATCH,ANOTHER,23
"Non Stop Rock",10,952,172,SCRATCH,ANOTHER,29
"Really Love",10,898,100,SCRATCH,ANOTHER,9
"rottel-da-sun",10,936,200,SCRATCH,ANOTHER,6
"SPEED DEMON",10,1198,190,SCRATCH,ANOTHER,25
"SWEET LAB",10,692,120,SCRATCH,ANOTHER,4
"WAR GAME",10,1077,93,SCRATCH,ANOTHER,8
"オレはビートマニア！お前は何マニア？",10,873,123,SCRATCH,ANOTHER,12
"灼熱Beach Side Bunny (Masayoshi Iimori Remix)",10,933,150,SCRATCH,ANOTHER,27
"廿",10,1215,120-160,SCRATCH,ANOTHER,21
"27th style",11,1299,165,SCRATCH,ANOTHER,27
"Beat Juggling Mix",11,1138,66-198,SCRATCH,ANOTHER,24
"Bounce Bounce Bounce",11,1293,116,SCRATCH,ANOTHER,18
"CHECKING YOU OUT",11,700,108-216,SCRATCH,ANOTHER,9
"CODE:0",11,1454,125,SCRATCH,ANOTHER,26
"Digitank System",11,1096,128,SCRATCH,ANOTHER,15
"Halfway of promise",11,940,140,SCRATCH,ANOTHER,8
"IDC feat.REVERBEE (Mo'Cuts Ver)",11,1145,140,SCRATCH,ANOTHER,26
"Just a Little Smile",11,1272,136,SCRATCH,ANOTHER,16
"naughty girl@Queen's Palace",11,1088,145,SCRATCH,ANOTHER,16
"naughty girl@Queen's Palace",11,1380,145,SCRATCH,LEGGENDARIA,16
"Overload Frontier",11,1336,175,SCRATCH,ANOTHER,21
"rough percussionythm",11,1295,175,SCRATCH,ANOTHER,27
"Routing",11,1323,144,SCRATCH,ANOTHER,23
"SAMURAI-Scramble",11,1232,150,SCRATCH,ANOTHER,24
"Swarm Of Scarabs",11,1212,110,SCRATCH,ANOTHER,28
"SWEETEST SAVAGE",11,930,114,SCRATCH,ANOTHER,9
"Uh-Oh",11,1228,175,SCRATCH,ANOTHER,23
"Wonder Bullfighter",11,1062,126,SCRATCH,ANOTHER,11
"カジノファイヤーことみちゃん",11,1271,230,SCRATCH,ANOTHER,20
"とろぴかる倶楽部",11,1154,120,SCRATCH,ANOTHER,22
"ベィスドロップ・フリークス",11,1275,179,SCRATCH,LEGGENDARIA,22
"ラクエン",11,1034,99-198,SCRATCH,ANOTHER,12
"花冠 feat.Aikapin",11,1365,83-180,SCRATCH,ANOTHER,26
"199024club -Re:BounceKiller-",12,1260,143,SCRATCH,ANOTHER,23
"Be quiet",12,1463,150,SCRATCH,LEGGENDARIA,11
"BLACK.by X-Cross Fade",12,1738,163,SCRATCH,ANOTHER,19
"BLUE MIRAGE",12,1606,170,SCRATCH,ANOTHER,22
"Caterpillar",12,1561,170,SCRATCH,ANOTHER,24
"Don't believe the hype",12,1666,210,SCRATCH,ANOTHER,29
"Double Dribble",12,1683,210,SCRATCH,ANOTHER,27
"Level 2",12,1488,150,SCRATCH,ANOTHER,27
"Level 3",12,1844,175,SCRATCH,ANOTHER,28
"Level One",12,1857,173,SCRATCH,ANOTHER,26
"Lords Of The Roundtable",12,1586,174,SCRATCH,ANOTHER,27
"Plan 8",12,1690,212,SCRATCH,ANOTHER,20
"Purple Perplex",12,1578,150,SCRATCH,ANOTHER,29
"Red. by Full Metal Jacket",12,1643,158,SCRATCH,ANOTHER,17
"Red. by Jack Trance",12,1862,160,SCRATCH,ANOTHER,26
"SAMURAI-Scramble",12,1576,150,SCRATCH,LEGGENDARIA,24
"SAY BAY",12,1455,165,SCRATCH,ANOTHER,24
"SCREW // owo // SCREW",12,1567,114,SCRATCH,ANOTHER,27
"Skreaming for Salvation",12,1625,200,SCRATCH,ANOTHER,29
"Snake Stick",12,1447,145,SCRATCH,ANOTHER,19
"The Chase",12,1148,142,SCRATCH,ANOTHER,25
"Watch Out Pt.2",12,1506,148,SCRATCH,ANOTHER,18
"Xperanza",12,1637,200,SCRATCH,ANOTHER,25
"バッド・スイーツ、バッド・ドリーム",12,1862,220,SCRATCH,ANOTHER,28
"灼熱 Pt.2 Long Train Running",12,1804,165,SCRATCH,ANOTHER,23
"灼熱Beach Side Bunny",12,1719,153,SCRATCH,ANOTHER,18
"火影",12,1437,136,SCRATCH,ANOTHER,24
"Somebody Like You",9,933,125,SCRATCH,ANOTHER,7
"RAGE feat.H14 of LEONAIR",12,1886,166,SCRATCH,ANOTHER,29
"WHA",12,1946,108,SCRATCH,ANOTHER,29
"empathy",8,743,85-170,SOF-LAN,ANOTHER,4
"Voltage (feat. Hidemaru)",8,670,30-125,SOF-LAN,ANOTHER,4
"2hot2eat",9,854,140-155,SOF-LAN,ANOTHER,14
"era (nostalmix)",9,786,90-180,SOF-LAN,ANOTHER,3
"era (step mix)",9,875,90-180,SOF-LAN,ANOTHER,4
"Agnus Dei",10,1051,70-168,SOF-LAN,ANOTHER,12
"GRADIUS -FULL SPEED-",10,1074,160-220,SOF-LAN,ANOTHER,10
"op.31 叙情",10,836,100-350,SOF-LAN,ANOTHER,14
"Surf on the Light",10,1154,60-160,SOF-LAN,ANOTHER,24
"(This Is Not) The Angels",11,1364,33-130,SOF-LAN,ANOTHER,24
"Ah Hah Yeah",11,1108,115-230,SOF-LAN,ANOTHER,28
"D",11,1313,30-240,SOF-LAN,ANOTHER,17
"four pieces of heaven",11,1225,125-195,SOF-LAN,ANOTHER,15
"FUTURE is Dead",11,1151,110-220,SOF-LAN,ANOTHER,25
"Linus",11,1105,160-176,SOF-LAN,ANOTHER,6
"nostos",11,1359,86-144,SOF-LAN,ANOTHER,24
"Onyx",11,1214,44-174,SOF-LAN,ANOTHER,29
"SABER WING",11,1438,37-444,SOF-LAN,ANOTHER,18
"Theory",11,1342,102-146,SOF-LAN,ANOTHER,27
"Concertino in Blue",12,1311,103-155,SOF-LAN,ANOTHER,13
"DAY DREAM",12,1075,80-300,SOF-LAN,ANOTHER,20
"DropZ-Line-",12,1648,50-400,SOF-LAN,ANOTHER,25
"Fascination MAXX",12,1313,100-400,SOF-LAN,ANOTHER,14
"ICARUS",12,1301,126-251,SOF-LAN,ANOTHER,15
"ICARUS",12,2000,126-251,SOF-LAN,LEGGENDARIA,15
"JOMANDA",12,1918,90-300,SOF-LAN,ANOTHER,20
"n/a",12,1867,85-255,SOF-LAN,ANOTHER,29
"New Castle Legions",12,1418,120-180,SOF-LAN,ANOTHER,18
"PARANOiA ～HADES～",12,1395,75-300,SOF-LAN,ANOTHER,15
"POSSESSION",12,1521,23-185,SOF-LAN,ANOTHER,23
"ruin of opals",12,1646,220-390,SOF-LAN,ANOTHER,26
"Silver Bullet",12,1662,152-172,SOF-LAN,ANOTHER,29
"Y&Co. is dead or alive",12,1478,145-876,SOF-LAN,ANOTHER,16
"ピアノ協奏曲第１番”蠍火”",12,1414,165-188,SOF-LAN,ANOTHER,11
"ワルツ第17番 ト短調”大犬のワルツ”",12,1684,230-320,SOF-LAN,ANOTHER,17
"音楽",12,1487,210-360,SOF-LAN,ANOTHER,20
"桜",12,1123,13-320,SOF-LAN,ANOTHER,8
"聖人の塔",12,1567,97-194,SOF-LAN,ANOTHER,19
"冥",12,2000,66-200,SOF-LAN,ANOTHER,12
"ピアノ独奏無言歌 ""灰燼""",12,1977,100-200,SOF-LAN,ANOTHER,29